code,name,market,type
000001,平安银行,SZ,A 股
000002,万  科Ａ,SZ,A 股
000004,*ST国华,SZ,A 股
000006,深振业Ａ,SZ,A 股
000007,全新好,SZ,A 股
000008,神州高铁,SZ,A 股
000009,中国宝安,SZ,A 股
000010,美丽生态,SZ,A 股
000011,深物业A,SZ,A 股
000012,南  玻Ａ,SZ,A 股
000014,沙河股份,SZ,A 股
000016,深康佳Ａ,SZ,A 股
000017,深中华A,SZ,A 股
000019,深粮控股,SZ,A 股
000020,深华发Ａ,SZ,A 股
000021,深科技,SZ,A 股
000025,特  力Ａ,SZ,A 股
000026,飞亚达,SZ,A 股
000027,深圳能源,SZ,A 股
000028,国药一致,SZ,A 股
000029,深深房Ａ,SZ,A 股
000030,富奥股份,SZ,A 股
000031,大悦城,SZ,A 股
000032,深桑达Ａ,SZ,A 股
000034,神州数码,SZ,A 股
000035,中国天楹,SZ,A 股
000036,华联控股,SZ,A 股
000037,深南电A,SZ,A 股
000039,中集集团,SZ,A 股
000042,中洲控股,SZ,A 股
000045,深纺织Ａ,SZ,A 股
000048,京基智农,SZ,A 股
000049,德赛电池,SZ,A 股
000050,深天马Ａ,SZ,A 股
000055,方大集团,SZ,A 股
000056,皇庭国际,SZ,A 股
000058,深 赛 格,SZ,A 股
000059,华锦股份,SZ,A 股
000060,中金岭南,SZ,A 股
000061,农 产 品,SZ,A 股
000062,深圳华强,SZ,A 股
000063,中兴通讯,SZ,A 股
000065,北方国际,SZ,A 股
000066,中国长城,SZ,A 股
000068,华控赛格,SZ,A 股
000069,华侨城Ａ,SZ,A 股
000070,特发信息,SZ,A 股
000078,海王生物,SZ,A 股
000088,盐 田 港,SZ,A 股
000089,深圳机场,SZ,A 股
000090,天健集团,SZ,A 股
000096,广聚能源,SZ,A 股
000099,中信海直,SZ,A 股
000100,TCL科技,SZ,A 股
000151,中成股份,SZ,A 股
000153,丰原药业,SZ,A 股
000155,川能动力,SZ,A 股
000156,华数传媒,SZ,A 股
000157,中联重科,SZ,A 股
000158,常山北明,SZ,A 股
000159,国际实业,SZ,A 股
000166,申万宏源,SZ,A 股
000301,东方盛虹,SZ,A 股
000333,美的集团,SZ,A 股
000338,潍柴动力,SZ,A 股
000400,许继电气,SZ,A 股
000401,金隅冀东,SZ,A 股
000402,金 融 街,SZ,A 股
000403,派林生物,SZ,A 股
000404,长虹华意,SZ,A 股
000407,胜利股份,SZ,A 股
000408,藏格矿业,SZ,A 股
000409,云鼎科技,SZ,A 股
000410,沈阳机床,SZ,A 股
000411,英特集团,SZ,A 股
000415,渤海租赁,SZ,A 股
000417,合百集团,SZ,A 股
000419,通程控股,SZ,A 股
000420,吉林化纤,SZ,A 股
000421,南京公用,SZ,A 股
000422,湖北宜化,SZ,A 股
000423,东阿阿胶,SZ,A 股
000425,徐工机械,SZ,A 股
000426,兴业银锡,SZ,A 股
000428,华天酒店,SZ,A 股
000429,粤高速Ａ,SZ,A 股
000430,ST张家界,SZ,A 股
000488,ST晨鸣,SZ,A 股
000498,山东路桥,SZ,A 股
000501,武商集团,SZ,A 股
000503,国新健康,SZ,A 股
000504,*ST生物,SZ,A 股
000505,京粮控股,SZ,A 股
000506,招金黄金,SZ,A 股
000507,珠海港,SZ,A 股
000509,华塑控股,SZ,A 股
000510,新金路,SZ,A 股
000513,丽珠集团,SZ,A 股
000514,渝 开 发,SZ,A 股
000516,国际医学,SZ,A 股
000517,荣安地产,SZ,A 股
000518,*ST四环,SZ,A 股
000519,中兵红箭,SZ,A 股
000520,凤凰航运,SZ,A 股
000521,长虹美菱,SZ,A 股
000523,红棉股份,SZ,A 股
000524,岭南控股,SZ,A 股
000525,红太阳,SZ,A 股
000526,学大教育,SZ,A 股
000528,柳    工,SZ,A 股
000529,广弘控股,SZ,A 股
000530,冰山冷热,SZ,A 股
000531,穗恒运Ａ,SZ,A 股
000532,华金资本,SZ,A 股
000533,顺钠股份,SZ,A 股
000534,万泽股份,SZ,A 股
000536,华映科技,SZ,A 股
000537,绿发电力,SZ,A 股
000538,云南白药,SZ,A 股
000539,粤电力Ａ,SZ,A 股
000541,佛山照明,SZ,A 股
000543,皖能电力,SZ,A 股
000544,中原环保,SZ,A 股
000545,金浦钛业,SZ,A 股
000546,金圆股份,SZ,A 股
000547,航天发展,SZ,A 股
000548,湖南投资,SZ,A 股
000550,江铃汽车,SZ,A 股
000551,创元科技,SZ,A 股
000552,甘肃能化,SZ,A 股
000553,安道麦A,SZ,A 股
000554,泰山石油,SZ,A 股
000555,神州信息,SZ,A 股
000557,西部创业,SZ,A 股
000558,天府文旅,SZ,A 股
000559,万向钱潮,SZ,A 股
000560,我爱我家,SZ,A 股
000561,烽火电子,SZ,A 股
000563,陕国投Ａ,SZ,A 股
000564,供销大集,SZ,A 股
000565,渝三峡Ａ,SZ,A 股
000566,海南海药,SZ,A 股
000567,海德股份,SZ,A 股
000568,泸州老窖,SZ,A 股
000570,苏常柴Ａ,SZ,A 股
000571,新大洲A,SZ,A 股
000572,海马汽车,SZ,A 股
000573,粤宏远Ａ,SZ,A 股
000576,甘化科工,SZ,A 股
000581,威孚高科,SZ,A 股
000582,北部湾港,SZ,A 股
000586,汇源通信,SZ,A 股
000589,贵州轮胎,SZ,A 股
000590,古汉医药,SZ,A 股
000591,太阳能,SZ,A 股
000592,平潭发展,SZ,A 股
000593,德龙汇能,SZ,A 股
000595,*ST宝实,SZ,A 股
000596,古井贡酒,SZ,A 股
000597,东北制药,SZ,A 股
000598,兴蓉环境,SZ,A 股
000599,青岛双星,SZ,A 股
000600,建投能源,SZ,A 股
000601,韶能股份,SZ,A 股
000603,盛达资源,SZ,A 股
000605,渤海股份,SZ,A 股
000607,华媒控股,SZ,A 股
000608,*ST阳光,SZ,A 股
000609,ST中迪,SZ,A 股
000610,西安旅游,SZ,A 股
000612,焦作万方,SZ,A 股
000615,*ST美谷,SZ,A 股
000617,中油资本,SZ,A 股
000619,海螺新材,SZ,A 股
000620,盈新发展,SZ,A 股
000623,吉林敖东,SZ,A 股
000625,长安汽车,SZ,A 股
000626,远大控股,SZ,A 股
000628,高新发展,SZ,A 股
000629,钒钛股份,SZ,A 股
000630,铜陵有色,SZ,A 股
000631,顺发恒能,SZ,A 股
000632,三木集团,SZ,A 股
000633,合金投资,SZ,A 股
000635,英 力 特,SZ,A 股
000636,风华高科,SZ,A 股
000637,茂化实华,SZ,A 股
000638,*ST万方,SZ,A 股
000639,西王食品,SZ,A 股
000650,仁和药业,SZ,A 股
000651,格力电器,SZ,A 股
000652,泰达股份,SZ,A 股
000655,金岭矿业,SZ,A 股
000656,*ST金科,SZ,A 股
000657,中钨高新,SZ,A 股
000659,珠海中富,SZ,A 股
000661,长春高新,SZ,A 股
000663,永安林业,SZ,A 股
000665,湖北广电,SZ,A 股
000668,*ST荣控,SZ,A 股
000669,ST金鸿,SZ,A 股
000670,盈方微,SZ,A 股
000672,上峰水泥,SZ,A 股
000676,智度股份,SZ,A 股
000677,恒天海龙,SZ,A 股
000678,襄阳轴承,SZ,A 股
000679,大连友谊,SZ,A 股
000680,山推股份,SZ,A 股
000681,视觉中国,SZ,A 股
000682,东方电子,SZ,A 股
000683,博源化工,SZ,A 股
000685,中山公用,SZ,A 股
000686,东北证券,SZ,A 股
000688,国城矿业,SZ,A 股
000690,宝新能源,SZ,A 股
000691,*ST亚太,SZ,A 股
000692,惠天热电,SZ,A 股
000695,滨海能源,SZ,A 股
000697,ST炼石,SZ,A 股
000698,ST沈化,SZ,A 股
000700,模塑科技,SZ,A 股
000701,厦门信达,SZ,A 股
000702,正虹科技,SZ,A 股
000703,恒逸石化,SZ,A 股
000705,浙江震元,SZ,A 股
000707,双环科技,SZ,A 股
000708,中信特钢,SZ,A 股
000709,河钢股份,SZ,A 股
000710,贝瑞基因,SZ,A 股
000711,ST京蓝,SZ,A 股
000712,锦龙股份,SZ,A 股
000713,国投丰乐,SZ,A 股
000715,中兴商业,SZ,A 股
000716,黑芝麻,SZ,A 股
000717,中南股份,SZ,A 股
000718,苏宁环球,SZ,A 股
000719,中原传媒,SZ,A 股
000720,新能泰山,SZ,A 股
000721,西安饮食,SZ,A 股
000722,湖南发展,SZ,A 股
000723,美锦能源,SZ,A 股
000725,京东方Ａ,SZ,A 股
000726,鲁  泰Ａ,SZ,A 股
000727,冠捷科技,SZ,A 股
000728,国元证券,SZ,A 股
000729,燕京啤酒,SZ,A 股
000731,四川美丰,SZ,A 股
000733,振华科技,SZ,A 股
000735,罗 牛 山,SZ,A 股
000736,*ST中地,SZ,A 股
000737,北方铜业,SZ,A 股
000738,航发控制,SZ,A 股
000739,普洛药业,SZ,A 股
000750,国海证券,SZ,A 股
000751,锌业股份,SZ,A 股
000752,ST西发,SZ,A 股
000753,漳州发展,SZ,A 股
000755,山西高速,SZ,A 股
000756,新华制药,SZ,A 股
000757,浩物股份,SZ,A 股
000758,中色股份,SZ,A 股
000759,中百集团,SZ,A 股
000761,本钢板材,SZ,A 股
000762,西藏矿业,SZ,A 股
000766,通化金马,SZ,A 股
000767,晋控电力,SZ,A 股
000768,中航西飞,SZ,A 股
000776,广发证券,SZ,A 股
000777,中核科技,SZ,A 股
000778,新兴铸管,SZ,A 股
000779,甘咨询,SZ,A 股
000782,恒申新材,SZ,A 股
000783,长江证券,SZ,A 股
000785,居然智家,SZ,A 股
000786,北新建材,SZ,A 股
000788,北大医药,SZ,A 股
000789,万年青,SZ,A 股
000790,华神科技,SZ,A 股
000791,甘肃能源,SZ,A 股
000792,盐湖股份,SZ,A 股
000793,*ST华闻,SZ,A 股
000795,英洛华,SZ,A 股
000796,凯撒旅业,SZ,A 股
000797,中国武夷,SZ,A 股
000798,中水渔业,SZ,A 股
000799,酒鬼酒,SZ,A 股
000800,一汽解放,SZ,A 股
000801,四川九洲,SZ,A 股
000802,北京文化,SZ,A 股
000803,山高环能,SZ,A 股
000807,云铝股份,SZ,A 股
000809,和展能源,SZ,A 股
000810,创维数字,SZ,A 股
000811,冰轮环境,SZ,A 股
000812,陕西金叶,SZ,A 股
000813,德展健康,SZ,A 股
000815,美利云,SZ,A 股
000816,智慧农业,SZ,A 股
000818,航锦科技,SZ,A 股
000819,岳阳兴长,SZ,A 股
000820,*ST节能,SZ,A 股
000821,ST京机,SZ,A 股
000822,山东海化,SZ,A 股
000823,超声电子,SZ,A 股
000825,太钢不锈,SZ,A 股
000826,启迪环境,SZ,A 股
000828,东莞控股,SZ,A 股
000829,天音控股,SZ,A 股
000830,鲁西化工,SZ,A 股
000831,中国稀土,SZ,A 股
000833,粤桂股份,SZ,A 股
000837,秦川机床,SZ,A 股
000838,财信发展,SZ,A 股
000839,国安股份,SZ,A 股
000848,承德露露,SZ,A 股
000850,华茂股份,SZ,A 股
000852,石化机械,SZ,A 股
000856,冀东装备,SZ,A 股
000858,五 粮 液,SZ,A 股
000859,国风新材,SZ,A 股
000860,顺鑫农业,SZ,A 股
000862,银星能源,SZ,A 股
000863,三湘印象,SZ,A 股
000868,安凯客车,SZ,A 股
000869,张  裕Ａ,SZ,A 股
000875,电投绿能,SZ,A 股
000876,新 希 望,SZ,A 股
000877,天山股份,SZ,A 股
000878,云南铜业,SZ,A 股
000880,潍柴重机,SZ,A 股
000881,中广核技,SZ,A 股
000882,华联股份,SZ,A 股
000883,湖北能源,SZ,A 股
000885,城发环境,SZ,A 股
000886,海南高速,SZ,A 股
000887,中鼎股份,SZ,A 股
000888,峨眉山Ａ,SZ,A 股
000889,中嘉博创,SZ,A 股
000890,法尔胜,SZ,A 股
000892,欢瑞世纪,SZ,A 股
000893,亚钾国际,SZ,A 股
000895,双汇发展,SZ,A 股
000897,津滨发展,SZ,A 股
000898,鞍钢股份,SZ,A 股
000899,赣能股份,SZ,A 股
000900,现代投资,SZ,A 股
000901,航天科技,SZ,A 股
000902,新洋丰,SZ,A 股
000903,ST云动,SZ,A 股
000905,厦门港务,SZ,A 股
000906,浙商中拓,SZ,A 股
000908,*ST景峰,SZ,A 股
000909,ST数源,SZ,A 股
000910,大亚圣象,SZ,A 股
000911,广农糖业,SZ,A 股
000912,泸天化,SZ,A 股
000913,钱江摩托,SZ,A 股
000915,华特达因,SZ,A 股
000917,电广传媒,SZ,A 股
000919,金陵药业,SZ,A 股
000920,沃顿科技,SZ,A 股
000921,海信家电,SZ,A 股
000922,佳电股份,SZ,A 股
000923,河钢资源,SZ,A 股
000925,众合科技,SZ,A 股
000926,福星股份,SZ,A 股
000927,中国铁物,SZ,A 股
000928,中钢国际,SZ,A 股
000929,*ST兰黄,SZ,A 股
000930,中粮科技,SZ,A 股
000931,中 关 村,SZ,A 股
000932,华菱钢铁,SZ,A 股
000933,神火股份,SZ,A 股
000935,四川双马,SZ,A 股
000936,华西股份,SZ,A 股
000937,冀中能源,SZ,A 股
000938,紫光股份,SZ,A 股
000948,南天信息,SZ,A 股
000949,新乡化纤,SZ,A 股
000950,重药控股,SZ,A 股
000951,中国重汽,SZ,A 股
000952,广济药业,SZ,A 股
000953,河化股份,SZ,A 股
000955,欣龙控股,SZ,A 股
000957,中通客车,SZ,A 股
000958,电投产融,SZ,A 股
000959,首钢股份,SZ,A 股
000960,锡业股份,SZ,A 股
000962,东方钽业,SZ,A 股
000963,华东医药,SZ,A 股
000965,天保基建,SZ,A 股
000966,长源电力,SZ,A 股
000967,盈峰环境,SZ,A 股
000968,蓝焰控股,SZ,A 股
000969,安泰科技,SZ,A 股
000970,中科三环,SZ,A 股
000972,*ST中基,SZ,A 股
000973,佛塑科技,SZ,A 股
000975,山金国际,SZ,A 股
000977,浪潮信息,SZ,A 股
000978,桂林旅游,SZ,A 股
000980,众泰汽车,SZ,A 股
000981,山子高科,SZ,A 股
000983,山西焦煤,SZ,A 股
000985,大庆华科,SZ,A 股
000987,越秀资本,SZ,A 股
000988,华工科技,SZ,A 股
000989,九芝堂,SZ,A 股
000990,诚志股份,SZ,A 股
000993,闽东电力,SZ,A 股
000995,皇台酒业,SZ,A 股
000997,新 大 陆,SZ,A 股
000998,隆平高科,SZ,A 股
000999,华润三九,SZ,A 股
001201,东瑞股份,SZ,A 股
001202,炬申股份,SZ,A 股
001203,大中矿业,SZ,A 股
001205,盛航股份,SZ,A 股
001206,依依股份,SZ,A 股
001207,联科科技,SZ,A 股
001208,华菱线缆,SZ,A 股
001209,洪兴股份,SZ,A 股
001210,金房能源,SZ,A 股
001211,双枪科技,SZ,A 股
001212,中旗新材,SZ,A 股
001213,中铁特货,SZ,A 股
001215,千味央厨,SZ,A 股
001216,华瓷股份,SZ,A 股
001217,华尔泰,SZ,A 股
001218,丽臣实业,SZ,A 股
001219,青岛食品,SZ,A 股
001220,世盟股份,SZ,A 股
001221,悍高集团,SZ,A 股
001222,源飞宠物,SZ,A 股
001223,欧克科技,SZ,A 股
001225,和泰机电,SZ,A 股
001226,拓山重工,SZ,A 股
001227,兰州银行,SZ,A 股
001228,永泰运,SZ,A 股
001229,魅视科技,SZ,A 股
001230,劲旅环境,SZ,A 股
001231,农心科技,SZ,A 股
001233,海安集团,SZ,A 股
001234,泰慕士,SZ,A 股
001236,弘业期货,SZ,A 股
001238,浙江正特,SZ,A 股
001239,永达股份,SZ,A 股
001255,博菲电气,SZ,A 股
001256,炜冈科技,SZ,A 股
001258,立新能源,SZ,A 股
001259,利仁科技,SZ,A 股
001260,坤泰股份,SZ,A 股
001266,宏英智能,SZ,A 股
001267,汇绿生态,SZ,A 股
001268,联合精密,SZ,A 股
001269,欧晶科技,SZ,A 股
001270,*ST铖昌,SZ,A 股
001277,速达股份,SZ,A 股
001278,一彬科技,SZ,A 股
001279,强邦新材,SZ,A 股
001280,中国铀业,SZ,A 股
001282,三联锻造,SZ,A 股
001283,豪鹏科技,SZ,A 股
001285,瑞立科密,SZ,A 股
001286,陕西能源,SZ,A 股
001287,中电港,SZ,A 股
001288,运机集团,SZ,A 股
001289,龙源电力,SZ,A 股
001296,长江材料,SZ,A 股
001298,好上好,SZ,A 股
001299,美能能源,SZ,A 股
001300,三柏硕,SZ,A 股
001301,尚太科技,SZ,A 股
001306,夏厦精密,SZ,A 股
001308,康冠科技,SZ,A 股
001309,德明利,SZ,A 股
001311,多利科技,SZ,A 股
001313,粤海饲料,SZ,A 股
001314,亿道信息,SZ,A 股
001316,润贝航科,SZ,A 股
001317,三羊马,SZ,A 股
001318,阳光乳业,SZ,A 股
001319,铭科精技,SZ,A 股
001322,箭牌家居,SZ,A 股
001323,慕思股份,SZ,A 股
001324,长青科技,SZ,A 股
001325,元创股份,SZ,A 股
001326,联域股份,SZ,A 股
001328,登康口腔,SZ,A 股
001330,博纳影业,SZ,A 股
001331,胜通能源,SZ,A 股
001332,锡装股份,SZ,A 股
001333,光华股份,SZ,A 股
001335,信凯科技,SZ,A 股
001336,楚环科技,SZ,A 股
001337,四川黄金,SZ,A 股
001338,永顺泰,SZ,A 股
001339,智微智能,SZ,A 股
001356,富岭股份,SZ,A 股
001358,兴欣新材,SZ,A 股
001359,平安电工,SZ,A 股
001360,南矿集团,SZ,A 股
001366,播恩集团,SZ,A 股
001367,海森药业,SZ,A 股
001368,通达创智,SZ,A 股
001369,双欣材料,SZ,A 股
001373,翔腾新材,SZ,A 股
001376,百通能源,SZ,A 股
001378,德冠新材,SZ,A 股
001379,腾达科技,SZ,A 股
001380,华纬科技,SZ,A 股
001382,新亚电缆,SZ,A 股
001386,马可波罗,SZ,A 股
001387,雪祺电气,SZ,A 股
001388,信通电子,SZ,A 股
001389,广合科技,SZ,A 股
001390,古麒绒材,SZ,A 股
001391,国货航,SZ,A 股
001395,亚联机械,SZ,A 股
001396,誉帆科技,SZ,A 股
001400,江顺科技,SZ,A 股
001696,宗申动力,SZ,A 股
001872,招商港口,SZ,A 股
001896,豫能控股,SZ,A 股
001914,招商积余,SZ,A 股
001965,招商公路,SZ,A 股
001979,招商蛇口,SZ,A 股
002001,新 和 成,SZ,A 股
002003,伟星股份,SZ,A 股
002004,华邦健康,SZ,A 股
002005,ST德豪,SZ,A 股
002006,精工科技,SZ,A 股
002007,华兰生物,SZ,A 股
002008,大族激光,SZ,A 股
002009,天奇股份,SZ,A 股
002010,传化智联,SZ,A 股
002011,盾安环境,SZ,A 股
002012,凯恩股份,SZ,A 股
002014,永新股份,SZ,A 股
002015,协鑫能科,SZ,A 股
002016,世荣兆业,SZ,A 股
002017,东信和平,SZ,A 股
002019,亿帆医药,SZ,A 股
002020,京新药业,SZ,A 股
002021,中捷资源,SZ,A 股
002022,科华生物,SZ,A 股
002023,海特高新,SZ,A 股
002024,ST易购,SZ,A 股
002025,航天电器,SZ,A 股
002026,山东威达,SZ,A 股
002027,分众传媒,SZ,A 股
002028,思源电气,SZ,A 股
002029,七 匹 狼,SZ,A 股
002030,达安基因,SZ,A 股
002031,巨轮智能,SZ,A 股
002032,苏 泊 尔,SZ,A 股
002033,丽江股份,SZ,A 股
002034,旺能环境,SZ,A 股
002035,华帝股份,SZ,A 股
002036,联创电子,SZ,A 股
002037,保利联合,SZ,A 股
002038,双鹭药业,SZ,A 股
002039,黔源电力,SZ,A 股
002040,南 京 港,SZ,A 股
002041,登海种业,SZ,A 股
002042,华孚时尚,SZ,A 股
002043,兔 宝 宝,SZ,A 股
002044,美年健康,SZ,A 股
002045,国光电器,SZ,A 股
002046,国机精工,SZ,A 股
002047,*ST宝鹰,SZ,A 股
002048,宁波华翔,SZ,A 股
002049,紫光国微,SZ,A 股
002050,三花智控,SZ,A 股
002051,中工国际,SZ,A 股
002052,同洲电子,SZ,A 股
002053,云南能投,SZ,A 股
002054,德美化工,SZ,A 股
002055,ST得润,SZ,A 股
002056,横店东磁,SZ,A 股
002057,中钢天源,SZ,A 股
002058,*ST威尔,SZ,A 股
002059,云南旅游,SZ,A 股
002060,广东建工,SZ,A 股
002061,浙江交科,SZ,A 股
002062,宏润建设,SZ,A 股
002063,远光软件,SZ,A 股
002064,华峰化学,SZ,A 股
002065,东华软件,SZ,A 股
002066,瑞泰科技,SZ,A 股
002067,景兴纸业,SZ,A 股
002068,黑猫股份,SZ,A 股
002069,獐子岛,SZ,A 股
002072,凯瑞德,SZ,A 股
002073,软控股份,SZ,A 股
002074,国轩高科,SZ,A 股
002075,沙钢股份,SZ,A 股
002076,*ST星光,SZ,A 股
002077,大港股份,SZ,A 股
002078,太阳纸业,SZ,A 股
002079,苏州固锝,SZ,A 股
002080,中材科技,SZ,A 股
002081,金 螳 螂,SZ,A 股
002082,万邦德,SZ,A 股
002083,孚日股份,SZ,A 股
002084,海鸥住工,SZ,A 股
002085,万丰奥威,SZ,A 股
002086,东方海洋,SZ,A 股
002088,鲁阳节能,SZ,A 股
002090,金智科技,SZ,A 股
002091,江苏国泰,SZ,A 股
002092,中泰化学,SZ,A 股
002093,国脉科技,SZ,A 股
002094,青岛金王,SZ,A 股
002095,生 意 宝,SZ,A 股
002096,易普力,SZ,A 股
002097,山河智能,SZ,A 股
002098,浔兴股份,SZ,A 股
002099,海翔药业,SZ,A 股
002100,天康生物,SZ,A 股
002101,广东鸿图,SZ,A 股
002102,能特科技,SZ,A 股
002103,广博股份,SZ,A 股
002104,恒宝股份,SZ,A 股
002105,信隆健康,SZ,A 股
002106,莱宝高科,SZ,A 股
002107,沃华医药,SZ,A 股
002108,沧州明珠,SZ,A 股
002109,兴化股份,SZ,A 股
002110,三钢闽光,SZ,A 股
002111,威海广泰,SZ,A 股
002112,三变科技,SZ,A 股
002114,罗平锌电,SZ,A 股
002115,三维通信,SZ,A 股
002116,中国海诚,SZ,A 股
002117,东港股份,SZ,A 股
002119,康强电子,SZ,A 股
002120,韵达股份,SZ,A 股
002121,科陆电子,SZ,A 股
002122,ST汇洲,SZ,A 股
002123,梦网科技,SZ,A 股
002124,天邦食品,SZ,A 股
002125,湘潭电化,SZ,A 股
002126,银轮股份,SZ,A 股
002127,南极电商,SZ,A 股
002128,电投能源,SZ,A 股
002129,TCL中环,SZ,A 股
002130,沃尔核材,SZ,A 股
002131,利欧股份,SZ,A 股
002132,恒星科技,SZ,A 股
002133,广宇集团,SZ,A 股
002134,天津普林,SZ,A 股
002135,东南网架,SZ,A 股
002136,安 纳 达,SZ,A 股
002137,实益达,SZ,A 股
002138,顺络电子,SZ,A 股
002139,拓邦股份,SZ,A 股
002140,东华科技,SZ,A 股
002141,贤丰控股,SZ,A 股
002142,宁波银行,SZ,A 股
002144,宏达高科,SZ,A 股
002145,钛能化学,SZ,A 股
002146,荣盛发展,SZ,A 股
002148,北纬科技,SZ,A 股
002149,西部材料,SZ,A 股
002150,正泰电源,SZ,A 股
002151,北斗星通,SZ,A 股
002152,广电运通,SZ,A 股
002153,石基信息,SZ,A 股
002154,报 喜 鸟,SZ,A 股
002155,湖南黄金,SZ,A 股
002156,通富微电,SZ,A 股
002157,正邦科技,SZ,A 股
002158,汉钟精机,SZ,A 股
002159,三特索道,SZ,A 股
002160,常铝股份,SZ,A 股
002161,远 望 谷,SZ,A 股
002162,悦心健康,SZ,A 股
002163,海南发展,SZ,A 股
002164,宁波东力,SZ,A 股
002165,红 宝 丽,SZ,A 股
002166,莱茵生物,SZ,A 股
002167,东方锆业,SZ,A 股
002168,*ST惠程,SZ,A 股
002169,智光电气,SZ,A 股
002170,芭田股份,SZ,A 股
002171,楚江新材,SZ,A 股
002172,澳洋健康,SZ,A 股
002173,创新医疗,SZ,A 股
002174,游族网络,SZ,A 股
002175,东方智造,SZ,A 股
002176,江特电机,SZ,A 股
002177,御银股份,SZ,A 股
002178,延华智能,SZ,A 股
002179,中航光电,SZ,A 股
002180,纳思达,SZ,A 股
002181,粤 传 媒,SZ,A 股
002182,宝武镁业,SZ,A 股
002183,怡 亚 通,SZ,A 股
002184,海得控制,SZ,A 股
002185,华天科技,SZ,A 股
002186,全 聚 德,SZ,A 股
002187,广百股份,SZ,A 股
002188,中天服务,SZ,A 股
002189,中光学,SZ,A 股
002190,成飞集成,SZ,A 股
002191,劲嘉股份,SZ,A 股
002192,融捷股份,SZ,A 股
002193,如意集团,SZ,A 股
002194,武汉凡谷,SZ,A 股
002195,岩山科技,SZ,A 股
002196,方正电机,SZ,A 股
002197,证通电子,SZ,A 股
002198,嘉应制药,SZ,A 股
002199,*ST东晶,SZ,A 股
002200,*ST交投,SZ,A 股
002201,九鼎新材,SZ,A 股
002202,金风科技,SZ,A 股
002203,海亮股份,SZ,A 股
002204,大连重工,SZ,A 股
002205,国统股份,SZ,A 股
002206,海 利 得,SZ,A 股
002207,准油股份,SZ,A 股
002208,合肥城建,SZ,A 股
002209,达 意 隆,SZ,A 股
002210,飞马国际,SZ,A 股
002211,ST宏达,SZ,A 股
002212,天融信,SZ,A 股
002213,大为股份,SZ,A 股
002214,*ST大立,SZ,A 股
002215,诺 普 信,SZ,A 股
002216,三全食品,SZ,A 股
002217,合力泰,SZ,A 股
002218,拓日新能,SZ,A 股
002219,新里程,SZ,A 股
002221,东华能源,SZ,A 股
002222,福晶科技,SZ,A 股
002223,鱼跃医疗,SZ,A 股
002224,三 力 士,SZ,A 股
002225,濮耐股份,SZ,A 股
002226,江南化工,SZ,A 股
002227,奥 特 迅,SZ,A 股
002228,合兴包装,SZ,A 股
002229,鸿博股份,SZ,A 股
002230,科大讯飞,SZ,A 股
002231,*ST奥维,SZ,A 股
002232,启明信息,SZ,A 股
002233,塔牌集团,SZ,A 股
002234,民和股份,SZ,A 股
002235,安妮股份,SZ,A 股
002236,大华股份,SZ,A 股
002237,恒邦股份,SZ,A 股
002238,天威视讯,SZ,A 股
002239,奥特佳,SZ,A 股
002240,盛新锂能,SZ,A 股
002241,歌尔股份,SZ,A 股
002242,九阳股份,SZ,A 股
002243,力合科创,SZ,A 股
002244,滨江集团,SZ,A 股
002245,蔚蓝锂芯,SZ,A 股
002246,北化股份,SZ,A 股
002247,聚力文化,SZ,A 股
002248,华东数控,SZ,A 股
002249,大洋电机,SZ,A 股
002250,联化科技,SZ,A 股
002251,步步高,SZ,A 股
002252,上海莱士,SZ,A 股
002253,*ST智胜,SZ,A 股
002254,泰和新材,SZ,A 股
002255,海陆重工,SZ,A 股
002256,兆新股份,SZ,A 股
002258,利尔化学,SZ,A 股
002259,升达林业,SZ,A 股
002261,拓维信息,SZ,A 股
002262,恩华药业,SZ,A 股
002263,大东南,SZ,A 股
002264,新 华 都,SZ,A 股
002265,建设工业,SZ,A 股
002266,浙富控股,SZ,A 股
002267,陕天然气,SZ,A 股
002268,电科网安,SZ,A 股
002269,美邦服饰,SZ,A 股
002270,华明装备,SZ,A 股
002271,东方雨虹,SZ,A 股
002272,川润股份,SZ,A 股
002273,水晶光电,SZ,A 股
002274,华昌化工,SZ,A 股
002275,桂林三金,SZ,A 股
002276,万马股份,SZ,A 股
002277,友阿股份,SZ,A 股
002278,神开股份,SZ,A 股
002279,久其软件,SZ,A 股
002281,光迅科技,SZ,A 股
002282,博深股份,SZ,A 股
002283,天润工业,SZ,A 股
002284,亚太股份,SZ,A 股
002285,世联行,SZ,A 股
002286,保龄宝,SZ,A 股
002287,奇正藏药,SZ,A 股
002289,*ST宇顺,SZ,A 股
002290,禾盛新材,SZ,A 股
002291,遥望科技,SZ,A 股
002292,奥飞娱乐,SZ,A 股
002293,罗莱生活,SZ,A 股
002294,信立泰,SZ,A 股
002295,精艺股份,SZ,A 股
002296,辉煌科技,SZ,A 股
002297,博云新材,SZ,A 股
002298,中电鑫龙,SZ,A 股
002299,圣农发展,SZ,A 股
002300,太阳电缆,SZ,A 股
002301,齐心集团,SZ,A 股
002302,西部建设,SZ,A 股
002303,美盈森,SZ,A 股
002304,洋河股份,SZ,A 股
002305,*ST南置,SZ,A 股
002306,*ST云网,SZ,A 股
002307,北新路桥,SZ,A 股
002309,中利集团,SZ,A 股
002310,东方新能,SZ,A 股
002311,海大集团,SZ,A 股
002312,川发龙蟒,SZ,A 股
002313,日海智能,SZ,A 股
002314,南山控股,SZ,A 股
002315,焦点科技,SZ,A 股
002316,亚联发展,SZ,A 股
002317,众生药业,SZ,A 股
002318,久立特材,SZ,A 股
002319,乐通股份,SZ,A 股
002320,海峡股份,SZ,A 股
002321,华英农业,SZ,A 股
002322,理工能科,SZ,A 股
002323,雅博股份,SZ,A 股
002324,普利特,SZ,A 股
002326,永太科技,SZ,A 股
002327,富安娜,SZ,A 股
002328,新朋股份,SZ,A 股
002329,皇氏集团,SZ,A 股
002330,得利斯,SZ,A 股
002331,皖通科技,SZ,A 股
002332,仙琚制药,SZ,A 股
002333,罗普斯金,SZ,A 股
002334,英威腾,SZ,A 股
002335,科华数据,SZ,A 股
002337,赛象科技,SZ,A 股
002338,奥普光电,SZ,A 股
002339,积成电子,SZ,A 股
002340,格林美,SZ,A 股
002342,巨力索具,SZ,A 股
002343,慈文传媒,SZ,A 股
002344,海宁皮城,SZ,A 股
002345,潮宏基,SZ,A 股
002346,柘中股份,SZ,A 股
002347,泰尔股份,SZ,A 股
002348,高乐股份,SZ,A 股
002349,精华制药,SZ,A 股
002350,北京科锐,SZ,A 股
002351,漫步者,SZ,A 股
002352,顺丰控股,SZ,A 股
002353,杰瑞股份,SZ,A 股
002354,天娱数科,SZ,A 股
002355,兴民智通,SZ,A 股
002356,赫美集团,SZ,A 股
002357,富临运业,SZ,A 股
002358,森源电气,SZ,A 股
002360,同德化工,SZ,A 股
002361,神剑股份,SZ,A 股
002362,汉王科技,SZ,A 股
002363,隆基机械,SZ,A 股
002364,中恒电气,SZ,A 股
002365,永安药业,SZ,A 股
002366,融发核电,SZ,A 股
002367,康力电梯,SZ,A 股
002368,太极股份,SZ,A 股
002369,卓翼科技,SZ,A 股
002370,亚太药业,SZ,A 股
002371,北方华创,SZ,A 股
002372,伟星新材,SZ,A 股
002373,千方科技,SZ,A 股
002374,中锐股份,SZ,A 股
002375,亚厦股份,SZ,A 股
002376,新北洋,SZ,A 股
002377,国创高新,SZ,A 股
002378,章源钨业,SZ,A 股
002379,宏桥控股,SZ,A 股
002380,科远智慧,SZ,A 股
002381,双箭股份,SZ,A 股
002382,蓝帆医疗,SZ,A 股
002383,合众思壮,SZ,A 股
002384,东山精密,SZ,A 股
002385,大北农,SZ,A 股
002386,天原股份,SZ,A 股
002387,维信诺,SZ,A 股
002388,新亚制程,SZ,A 股
002389,航天彩虹,SZ,A 股
002390,信邦制药,SZ,A 股
002391,长青股份,SZ,A 股
002392,北京利尔,SZ,A 股
002393,力生制药,SZ,A 股
002394,联发股份,SZ,A 股
002395,双象股份,SZ,A 股
002396,星网锐捷,SZ,A 股
002397,梦洁股份,SZ,A 股
002398,垒知集团,SZ,A 股
002399,海普瑞,SZ,A 股
002400,省广集团,SZ,A 股
002401,中远海科,SZ,A 股
002402,和而泰,SZ,A 股
002403,爱仕达,SZ,A 股
002404,嘉欣丝绸,SZ,A 股
002405,四维图新,SZ,A 股
002406,远东传动,SZ,A 股
002407,多氟多,SZ,A 股
002408,齐翔腾达,SZ,A 股
002409,雅克科技,SZ,A 股
002410,广联达,SZ,A 股
002412,汉森制药,SZ,A 股
002413,雷科防务,SZ,A 股
002414,高德红外,SZ,A 股
002415,海康威视,SZ,A 股
002416,爱施德,SZ,A 股
002418,康盛股份,SZ,A 股
002419,天虹股份,SZ,A 股
002420,毅昌科技,SZ,A 股
002421,达实智能,SZ,A 股
002422,科伦药业,SZ,A 股
002423,中粮资本,SZ,A 股
002424,ST百灵,SZ,A 股
002425,凯撒文化,SZ,A 股
002426,胜利精密,SZ,A 股
002427,尤夫股份,SZ,A 股
002428,云南锗业,SZ,A 股
002429,兆驰股份,SZ,A 股
002430,杭氧股份,SZ,A 股
002431,棕榈股份,SZ,A 股
002432,九安医疗,SZ,A 股
002434,万里扬,SZ,A 股
002436,兴森科技,SZ,A 股
002437,誉衡药业,SZ,A 股
002438,江苏神通,SZ,A 股
002439,启明星辰,SZ,A 股
002440,闰土股份,SZ,A 股
002441,众业达,SZ,A 股
002442,龙星科技,SZ,A 股
002443,金洲管道,SZ,A 股
002444,巨星科技,SZ,A 股
002445,中南文化,SZ,A 股
002446,盛路通信,SZ,A 股
002448,中原内配,SZ,A 股
002449,国星光电,SZ,A 股
002451,摩恩电气,SZ,A 股
002452,长高电新,SZ,A 股
002453,华软科技,SZ,A 股
002454,松芝股份,SZ,A 股
002455,百川股份,SZ,A 股
002456,欧菲光,SZ,A 股
002457,青龙管业,SZ,A 股
002458,益生股份,SZ,A 股
002459,晶澳科技,SZ,A 股
002460,赣锋锂业,SZ,A 股
002461,珠江啤酒,SZ,A 股
002462,嘉事堂,SZ,A 股
002463,沪电股份,SZ,A 股
002465,海格通信,SZ,A 股
002466,天齐锂业,SZ,A 股
002467,二六三,SZ,A 股
002468,申通快递,SZ,A 股
002469,三维化学,SZ,A 股
002470,金正大,SZ,A 股
002471,中超控股,SZ,A 股
002472,双环传动,SZ,A 股
002474,榕基软件,SZ,A 股
002475,立讯精密,SZ,A 股
002476,宝莫股份,SZ,A 股
002478,常宝股份,SZ,A 股
002479,富春环保,SZ,A 股
002480,新筑股份,SZ,A 股
002481,双塔食品,SZ,A 股
002482,广田集团,SZ,A 股
002483,润邦股份,SZ,A 股
002484,江海股份,SZ,A 股
002485,ST雪发,SZ,A 股
002486,嘉麟杰,SZ,A 股
002487,大金重工,SZ,A 股
002488,金固股份,SZ,A 股
002489,浙江永强,SZ,A 股
002490,山东墨龙,SZ,A 股
002491,通鼎互联,SZ,A 股
002492,恒基达鑫,SZ,A 股
002493,荣盛石化,SZ,A 股
002494,华斯股份,SZ,A 股
002495,佳隆股份,SZ,A 股
002496,*ST辉丰,SZ,A 股
002497,雅化集团,SZ,A 股
002498,汉缆股份,SZ,A 股
002500,山西证券,SZ,A 股
002501,利源股份,SZ,A 股
002506,协鑫集成,SZ,A 股
002507,涪陵榨菜,SZ,A 股
002508,老板电器,SZ,A 股
002510,天汽模,SZ,A 股
002511,中顺洁柔,SZ,A 股
002512,ST达华,SZ,A 股
002513,蓝丰生化,SZ,A 股
002514,宝馨科技,SZ,A 股
002515,金字火腿,SZ,A 股
002516,旷达科技,SZ,A 股
002517,恺英网络,SZ,A 股
002518,科士达,SZ,A 股
002519,银河电子,SZ,A 股
002520,日发精机,SZ,A 股
002521,齐峰新材,SZ,A 股
002522,浙江众成,SZ,A 股
002523,天桥起重,SZ,A 股
002524,光正眼科,SZ,A 股
002526,山东矿机,SZ,A 股
002527,新时达,SZ,A 股
002528,ST英飞拓,SZ,A 股
002529,*ST海源,SZ,A 股
002530,金财互联,SZ,A 股
002531,天顺风能,SZ,A 股
002532,天山铝业,SZ,A 股
002533,金杯电工,SZ,A 股
002534,西子洁能,SZ,A 股
002535,林州重机,SZ,A 股
002536,飞龙股份,SZ,A 股
002537,海联金汇,SZ,A 股
002538,司尔特,SZ,A 股
002539,云图控股,SZ,A 股
002540,亚太科技,SZ,A 股
002541,鸿路钢构,SZ,A 股
002542,中化岩土,SZ,A 股
002543,万和电气,SZ,A 股
002544,普天科技,SZ,A 股
002545,东方铁塔,SZ,A 股
002546,新联电子,SZ,A 股
002547,春兴精工,SZ,A 股
002548,金新农,SZ,A 股
002549,凯美特气,SZ,A 股
002550,千红制药,SZ,A 股
002551,尚荣医疗,SZ,A 股
002552,宝鼎科技,SZ,A 股
002553,南方精工,SZ,A 股
002554,惠博普,SZ,A 股
002555,三七互娱,SZ,A 股
002556,辉隆股份,SZ,A 股
002557,洽洽食品,SZ,A 股
002558,巨人网络,SZ,A 股
002559,亚威股份,SZ,A 股
002560,通达股份,SZ,A 股
002561,徐家汇,SZ,A 股
002562,兄弟科技,SZ,A 股
002563,森马服饰,SZ,A 股
002564,天沃科技,SZ,A 股
002565,顺灏股份,SZ,A 股
002566,益盛药业,SZ,A 股
002567,唐人神,SZ,A 股
002568,百润股份,SZ,A 股
002569,*ST步森,SZ,A 股
002570,贝因美,SZ,A 股
002571,德力股份,SZ,A 股
002572,索菲亚,SZ,A 股
002573,清新环境,SZ,A 股
002574,明牌珠宝,SZ,A 股
002575,群兴玩具,SZ,A 股
002576,通达动力,SZ,A 股
002577,雷柏科技,SZ,A 股
002578,闽发铝业,SZ,A 股
002579,中京电子,SZ,A 股
002580,圣阳股份,SZ,A 股
002581,ST未名,SZ,A 股
002582,好想你,SZ,A 股
002583,海能达,SZ,A 股
002584,西陇科学,SZ,A 股
002585,双星新材,SZ,A 股
002586,ST围海,SZ,A 股
002587,奥拓电子,SZ,A 股
002588,史丹利,SZ,A 股
002589,瑞康医药,SZ,A 股
002590,万安科技,SZ,A 股
002591,恒大高新,SZ,A 股
002592,ST八菱,SZ,A 股
002593,日上集团,SZ,A 股
002594,比亚迪,SZ,A 股
002595,豪迈科技,SZ,A 股
002596,海南瑞泽,SZ,A 股
002597,金禾实业,SZ,A 股
002598,山东章鼓,SZ,A 股
002599,盛通股份,SZ,A 股
002600,领益智造,SZ,A 股
002601,龙佰集团,SZ,A 股
002602,世纪华通,SZ,A 股
002603,以岭药业,SZ,A 股
002605,姚记科技,SZ,A 股
002606,大连电瓷,SZ,A 股
002607,中公教育,SZ,A 股
002608,江苏国信,SZ,A 股
002609,捷顺科技,SZ,A 股
002611,东方精工,SZ,A 股
002612,朗姿股份,SZ,A 股
002613,北玻股份,SZ,A 股
002614,奥佳华,SZ,A 股
002615,哈尔斯,SZ,A 股
002616,长青集团,SZ,A 股
002617,露笑科技,SZ,A 股
002620,ST瑞和,SZ,A 股
002622,皓宸医疗,SZ,A 股
002623,亚玛顿,SZ,A 股
002624,完美世界,SZ,A 股
002625,光启技术,SZ,A 股
002626,金达威,SZ,A 股
002627,三峡旅游,SZ,A 股
002628,成都路桥,SZ,A 股
002629,仁智股份,SZ,A 股
002630,ST华西,SZ,A 股
002631,德尔未来,SZ,A 股
002632,道明光学,SZ,A 股
002633,申科股份,SZ,A 股
002634,棒杰股份,SZ,A 股
002635,安洁科技,SZ,A 股
002636,金安国纪,SZ,A 股
002637,赞宇科技,SZ,A 股
002638,勤上股份,SZ,A 股
002639,雪人集团,SZ,A 股
002640,跨境通,SZ,A 股
002641,公元股份,SZ,A 股
002642,荣联科技,SZ,A 股
002643,万润股份,SZ,A 股
002644,佛慈制药,SZ,A 股
002645,华宏科技,SZ,A 股
002646,天佑德酒,SZ,A 股
002647,*ST仁东,SZ,A 股
002648,卫星化学,SZ,A 股
002649,博彦科技,SZ,A 股
002650,ST加加,SZ,A 股
002651,利君股份,SZ,A 股
002652,扬子新材,SZ,A 股
002653,海思科,SZ,A 股
002654,万润科技,SZ,A 股
002655,共达电声,SZ,A 股
002656,*ST摩登,SZ,A 股
002657,中科金财,SZ,A 股
002658,雪迪龙,SZ,A 股
002659,凯文教育,SZ,A 股
002660,茂硕电源,SZ,A 股
002661,克明食品,SZ,A 股
002662,峰璟股份,SZ,A 股
002663,普邦股份,SZ,A 股
002664,信质集团,SZ,A 股
002666,德联集团,SZ,A 股
002667,威领股份,SZ,A 股
002668,TCL智家,SZ,A 股
002669,康达新材,SZ,A 股
002670,国盛证券,SZ,A 股
002671,龙泉股份,SZ,A 股
002672,东江环保,SZ,A 股
002673,西部证券,SZ,A 股
002674,兴业科技,SZ,A 股
002675,东诚药业,SZ,A 股
002676,顺威股份,SZ,A 股
002677,浙江美大,SZ,A 股
002678,珠江钢琴,SZ,A 股
002679,福建金森,SZ,A 股
002681,奋达科技,SZ,A 股
002682,龙洲股份,SZ,A 股
002683,广东宏大,SZ,A 股
002685,华东重机,SZ,A 股
002686,亿利达,SZ,A 股
002687,乔治白,SZ,A 股
002688,金河生物,SZ,A 股
002689,ST远智,SZ,A 股
002690,美亚光电,SZ,A 股
002691,冀凯股份,SZ,A 股
002692,远程股份,SZ,A 股
002693,*ST双成,SZ,A 股
002694,顾地科技,SZ,A 股
002695,煌上煌,SZ,A 股
002696,百洋股份,SZ,A 股
002697,红旗连锁,SZ,A 股
002698,博实股份,SZ,A 股
002700,万憬能源,SZ,A 股
002701,奥瑞金,SZ,A 股
002702,海欣食品,SZ,A 股
002703,浙江世宝,SZ,A 股
002705,新宝股份,SZ,A 股
002706,良信股份,SZ,A 股
002707,众信旅游,SZ,A 股
002708,光洋股份,SZ,A 股
002709,天赐材料,SZ,A 股
002712,思美传媒,SZ,A 股
002713,*ST东易,SZ,A 股
002714,牧原股份,SZ,A 股
002715,登云股份,SZ,A 股
002716,湖南白银,SZ,A 股
002717,ST岭南,SZ,A 股
002718,友邦吊顶,SZ,A 股
002719,麦趣尔,SZ,A 股
002721,金一文化,SZ,A 股
002722,物产金轮,SZ,A 股
002723,小崧股份,SZ,A 股
002724,海洋王,SZ,A 股
002725,跃岭股份,SZ,A 股
002726,龙大美食,SZ,A 股
002727,一心堂,SZ,A 股
002728,特一药业,SZ,A 股
002729,好利科技,SZ,A 股
002730,电光科技,SZ,A 股
002731,ST萃华,SZ,A 股
002732,燕塘乳业,SZ,A 股
002733,雄韬股份,SZ,A 股
002734,利民股份,SZ,A 股
002735,王子新材,SZ,A 股
002736,国信证券,SZ,A 股
002737,葵花药业,SZ,A 股
002738,中矿资源,SZ,A 股
002739,万达电影,SZ,A 股
002741,光华科技,SZ,A 股
002742,*ST三圣,SZ,A 股
002743,富煌钢构,SZ,A 股
002745,木林森,SZ,A 股
002746,仙坛股份,SZ,A 股
002747,埃斯顿,SZ,A 股
002748,世龙实业,SZ,A 股
002749,国光股份,SZ,A 股
002752,昇兴股份,SZ,A 股
002753,永东股份,SZ,A 股
002755,奥赛康,SZ,A 股
002756,永兴材料,SZ,A 股
002757,南兴股份,SZ,A 股
002758,浙农股份,SZ,A 股
002759,天际股份,SZ,A 股
002760,凤形股份,SZ,A 股
002761,浙江建投,SZ,A 股
002762,*ST金比,SZ,A 股
002763,汇洁股份,SZ,A 股
002765,蓝黛科技,SZ,A 股
002766,索菱股份,SZ,A 股
002767,先锋电子,SZ,A 股
002768,国恩股份,SZ,A 股
002769,普路通,SZ,A 股
002771,真视通,SZ,A 股
002772,众兴菌业,SZ,A 股
002773,康弘药业,SZ,A 股
002774,快意电梯,SZ,A 股
002775,文科股份,SZ,A 股
002777,久远银海,SZ,A 股
002778,中晟高科,SZ,A 股
002779,中坚科技,SZ,A 股
002780,三夫户外,SZ,A 股
002782,可立克,SZ,A 股
002783,凯龙股份,SZ,A 股
002785,万里石,SZ,A 股
002786,银宝山新,SZ,A 股
002787,华源控股,SZ,A 股
002788,鹭燕医药,SZ,A 股
002789,*ST建艺,SZ,A 股
002790,瑞尔特,SZ,A 股
002791,坚朗五金,SZ,A 股
002792,通宇通讯,SZ,A 股
002793,罗欣药业,SZ,A 股
002795,永和智控,SZ,A 股
002796,世嘉科技,SZ,A 股
002797,第一创业,SZ,A 股
002798,帝欧水华,SZ,A 股
002799,环球印务,SZ,A 股
002800,天顺股份,SZ,A 股
002801,微光股份,SZ,A 股
002802,洪汇新材,SZ,A 股
002803,吉宏股份,SZ,A 股
002805,丰元股份,SZ,A 股
002806,华锋股份,SZ,A 股
002807,江阴银行,SZ,A 股
002808,*ST恒久,SZ,A 股
002809,红墙股份,SZ,A 股
002810,山东赫达,SZ,A 股
002811,郑中设计,SZ,A 股
002812,恩捷股份,SZ,A 股
002813,路畅科技,SZ,A 股
002815,崇达技术,SZ,A 股
002816,*ST和科,SZ,A 股
002817,黄山胶囊,SZ,A 股
002818,富森美,SZ,A 股
002819,东方中科,SZ,A 股
002820,桂发祥,SZ,A 股
002821,凯莱英,SZ,A 股
002822,ST中装,SZ,A 股
002823,凯中精密,SZ,A 股
002824,和胜股份,SZ,A 股
002825,纳尔股份,SZ,A 股
002826,易明医药,SZ,A 股
002827,高争民爆,SZ,A 股
002828,贝肯能源,SZ,A 股
002829,星网宇达,SZ,A 股
002830,名雕股份,SZ,A 股
002831,裕同科技,SZ,A 股
002832,比音勒芬,SZ,A 股
002833,弘亚数控,SZ,A 股
002835,同为股份,SZ,A 股
002836,新宏泽,SZ,A 股
002837,英维克,SZ,A 股
002838,道恩股份,SZ,A 股
002839,张家港行,SZ,A 股
002840,华统股份,SZ,A 股
002841,视源股份,SZ,A 股
002842,翔鹭钨业,SZ,A 股
002843,泰嘉股份,SZ,A 股
002845,同兴达,SZ,A 股
002846,英联股份,SZ,A 股
002847,盐津铺子,SZ,A 股
002848,*ST高斯,SZ,A 股
002849,威星智能,SZ,A 股
002850,科达利,SZ,A 股
002851,麦格米特,SZ,A 股
002852,道道全,SZ,A 股
002853,皮阿诺,SZ,A 股
002855,捷荣技术,SZ,A 股
002856,美芝股份,SZ,A 股
002857,三晖电气,SZ,A 股
002858,力盛体育,SZ,A 股
002859,洁美科技,SZ,A 股
002860,星帅尔,SZ,A 股
002861,瀛通通讯,SZ,A 股
002862,实丰文化,SZ,A 股
002863,今飞凯达,SZ,A 股
002864,盘龙药业,SZ,A 股
002865,钧达股份,SZ,A 股
002866,传艺科技,SZ,A 股
002867,周大生,SZ,A 股
002868,*ST绿康,SZ,A 股
002869,金溢科技,SZ,A 股
002870,香山股份,SZ,A 股
002871,伟隆股份,SZ,A 股
002872,ST天圣,SZ,A 股
002873,新天药业,SZ,A 股
002875,安奈儿,SZ,A 股
002876,三利谱,SZ,A 股
002877,智能自控,SZ,A 股
002878,元隆雅图,SZ,A 股
002879,长缆科技,SZ,A 股
002880,卫光生物,SZ,A 股
002881,美格智能,SZ,A 股
002882,金龙羽,SZ,A 股
002883,中设股份,SZ,A 股
002884,凌霄泵业,SZ,A 股
002885,京泉华,SZ,A 股
002886,沃特股份,SZ,A 股
002887,绿茵生态,SZ,A 股
002888,惠威科技,SZ,A 股
002889,东方嘉盛,SZ,A 股
002890,弘宇股份,SZ,A 股
002891,中宠股份,SZ,A 股
002892,科力尔,SZ,A 股
002893,京能热力,SZ,A 股
002895,川恒股份,SZ,A 股
002896,中大力德,SZ,A 股
002897,意华股份,SZ,A 股
002898,*ST赛隆,SZ,A 股
002899,英派斯,SZ,A 股
002900,哈三联,SZ,A 股
002901,大博医疗,SZ,A 股
002902,铭普光磁,SZ,A 股
002903,宇环数控,SZ,A 股
002905,金逸影视,SZ,A 股
002906,华阳集团,SZ,A 股
002907,华森制药,SZ,A 股
002908,德生科技,SZ,A 股
002909,集泰股份,SZ,A 股
002910,庄园牧场,SZ,A 股
002911,佛燃能源,SZ,A 股
002912,中新赛克,SZ,A 股
002913,奥士康,SZ,A 股
002915,中欣氟材,SZ,A 股
002916,深南电路,SZ,A 股
002917,金奥博,SZ,A 股
002918,蒙娜丽莎,SZ,A 股
002919,名臣健康,SZ,A 股
002920,德赛西威,SZ,A 股
002921,联诚精密,SZ,A 股
002922,伊戈尔,SZ,A 股
002923,润都股份,SZ,A 股
002925,盈趣科技,SZ,A 股
002926,华西证券,SZ,A 股
002927,泰永长征,SZ,A 股
002928,华夏航空,SZ,A 股
002929,润建股份,SZ,A 股
002930,宏川智慧,SZ,A 股
002931,锋龙股份,SZ,A 股
002932,明德生物,SZ,A 股
002933,新兴装备,SZ,A 股
002935,天奥电子,SZ,A 股
002936,郑州银行,SZ,A 股
002937,兴瑞科技,SZ,A 股
002938,鹏鼎控股,SZ,A 股
002939,长城证券,SZ,A 股
002940,昂利康,SZ,A 股
002941,新疆交建,SZ,A 股
002942,新农股份,SZ,A 股
002943,宇晶股份,SZ,A 股
002945,华林证券,SZ,A 股
002946,新乳业,SZ,A 股
002947,恒铭达,SZ,A 股
002948,青岛银行,SZ,A 股
002949,华阳国际,SZ,A 股
002950,奥美医疗,SZ,A 股
002951,金时科技,SZ,A 股
002952,亚世光电,SZ,A 股
002953,日丰股份,SZ,A 股
002955,鸿合科技,SZ,A 股
002956,西麦食品,SZ,A 股
002957,科瑞技术,SZ,A 股
002958,青农商行,SZ,A 股
002959,小熊电器,SZ,A 股
002960,青鸟消防,SZ,A 股
002961,瑞达期货,SZ,A 股
002962,五方光电,SZ,A 股
002963,豪尔赛,SZ,A 股
002965,祥鑫科技,SZ,A 股
002966,苏州银行,SZ,A 股
002967,广电计量,SZ,A 股
002968,新大正,SZ,A 股
002969,嘉美包装,SZ,A 股
002970,锐明技术,SZ,A 股
002971,和远气体,SZ,A 股
002972,科安达,SZ,A 股
002973,侨银股份,SZ,A 股
002975,博杰股份,SZ,A 股
002976,瑞玛精密,SZ,A 股
002977,天箭科技,SZ,A 股
002978,安宁股份,SZ,A 股
002979,雷赛智能,SZ,A 股
002980,华盛昌,SZ,A 股
002981,朝阳科技,SZ,A 股
002982,湘佳股份,SZ,A 股
002983,芯瑞达,SZ,A 股
002984,森麒麟,SZ,A 股
002985,北摩高科,SZ,A 股
002986,宇新股份,SZ,A 股
002987,京北方,SZ,A 股
002988,豪美新材,SZ,A 股
002989,中天精装,SZ,A 股
002990,盛视科技,SZ,A 股
002991,甘源食品,SZ,A 股
002992,宝明科技,SZ,A 股
002993,奥海科技,SZ,A 股
002995,天地在线,SZ,A 股
002996,顺博合金,SZ,A 股
002997,瑞鹄模具,SZ,A 股
002998,优彩资源,SZ,A 股
002999,天禾股份,SZ,A 股
003000,劲仔食品,SZ,A 股
003001,中岩大地,SZ,A 股
003002,壶化股份,SZ,A 股
003003,天元股份,SZ,A 股
003004,*ST声迅,SZ,A 股
003005,竞业达,SZ,A 股
003006,百亚股份,SZ,A 股
003007,直真科技,SZ,A 股
003008,开普检测,SZ,A 股
003009,中天火箭,SZ,A 股
003010,若羽臣,SZ,A 股
003011,海象新材,SZ,A 股
003012,东鹏控股,SZ,A 股
003013,地铁设计,SZ,A 股
003015,日久光电,SZ,A 股
003016,欣贺股份,SZ,A 股
003017,大洋生物,SZ,A 股
003018,金富科技,SZ,A 股
003019,宸展光电,SZ,A 股
003020,立方制药,SZ,A 股
003021,兆威机电,SZ,A 股
003022,联泓新科,SZ,A 股
003023,彩虹集团,SZ,A 股
003025,思进智能,SZ,A 股
003026,中晶科技,SZ,A 股
003027,同兴科技,SZ,A 股
003028,振邦智能,SZ,A 股
003029,吉大正元,SZ,A 股
003030,祖名股份,SZ,A 股
003031,中瓷电子,SZ,A 股
003032,*ST传智,SZ,A 股
003033,征和工业,SZ,A 股
003035,南网能源,SZ,A 股
003036,泰坦股份,SZ,A 股
003037,三和管桩,SZ,A 股
003038,鑫铂股份,SZ,A 股
003039,顺控发展,SZ,A 股
003040,楚天龙,SZ,A 股
003041,真爱美家,SZ,A 股
003042,中农联合,SZ,A 股
003043,华亚智能,SZ,A 股
003816,中国广核,SZ,A 股
300001,特锐德,SZ,A 股
300002,神州泰岳,SZ,A 股
300003,乐普医疗,SZ,A 股
300004,南风股份,SZ,A 股
300005,探路者,SZ,A 股
300006,莱美药业,SZ,A 股
300007,汉威科技,SZ,A 股
300008,天海防务,SZ,A 股
300009,安科生物,SZ,A 股
300010,豆神教育,SZ,A 股
300011,鼎汉技术,SZ,A 股
300012,华测检测,SZ,A 股
300013,新宁物流,SZ,A 股
300014,亿纬锂能,SZ,A 股
300015,爱尔眼科,SZ,A 股
300016,北陆药业,SZ,A 股
300017,网宿科技,SZ,A 股
300018,中元股份,SZ,A 股
300019,硅宝科技,SZ,A 股
300020,ST银江,SZ,A 股
300021,大禹节水,SZ,A 股
300022,吉峰科技,SZ,A 股
300024,机器人,SZ,A 股
300025,华星创业,SZ,A 股
300026,红日药业,SZ,A 股
300027,华谊兄弟,SZ,A 股
300029,*ST天龙,SZ,A 股
300030,阳普医疗,SZ,A 股
300031,宝通科技,SZ,A 股
300032,金龙机电,SZ,A 股
300033,同花顺,SZ,A 股
300034,钢研高纳,SZ,A 股
300035,中科电气,SZ,A 股
300036,超图软件,SZ,A 股
300037,新宙邦,SZ,A 股
300039,上海凯宝,SZ,A 股
300040,九洲集团,SZ,A 股
300041,回天新材,SZ,A 股
300042,朗科科技,SZ,A 股
300043,星辉娱乐,SZ,A 股
300044,ST赛为,SZ,A 股
300045,华力创通,SZ,A 股
300046,台基股份,SZ,A 股
300047,天源迪科,SZ,A 股
300048,合康新能,SZ,A 股
300049,福瑞医科,SZ,A 股
300050,世纪鼎利,SZ,A 股
300051,琏升科技,SZ,A 股
300052,ST中青宝,SZ,A 股
300053,航宇微,SZ,A 股
300054,鼎龙股份,SZ,A 股
300055,万邦达,SZ,A 股
300056,中创环保,SZ,A 股
300057,万顺新材,SZ,A 股
300058,蓝色光标,SZ,A 股
300059,东方财富,SZ,A 股
300061,旗天科技,SZ,A 股
300062,中能电气,SZ,A 股
300063,天龙集团,SZ,A 股
300065,海兰信,SZ,A 股
300066,三川智慧,SZ,A 股
300067,安诺其,SZ,A 股
300068,南都电源,SZ,A 股
300069,金利华电,SZ,A 股
300070,碧水源,SZ,A 股
300071,福石控股,SZ,A 股
300072,海新能科,SZ,A 股
300073,当升科技,SZ,A 股
300074,华平股份,SZ,A 股
300075,数字政通,SZ,A 股
300076,GQY视讯,SZ,A 股
300077,国民技术,SZ,A 股
300078,思创智联,SZ,A 股
300079,数码视讯,SZ,A 股
300080,易成新能,SZ,A 股
300081,恒信东方,SZ,A 股
300082,奥克股份,SZ,A 股
300083,创世纪,SZ,A 股
300084,海默科技,SZ,A 股
300085,银之杰,SZ,A 股
300086,康芝药业,SZ,A 股
300087,荃银高科,SZ,A 股
300088,长信科技,SZ,A 股
300091,*ST金灵,SZ,A 股
300092,科新机电,SZ,A 股
300093,*ST金刚,SZ,A 股
300094,国联水产,SZ,A 股
300095,华伍股份,SZ,A 股
300096,ST易联众,SZ,A 股
300097,ST智云,SZ,A 股
300098,高新兴,SZ,A 股
300099,尤洛卡,SZ,A 股
300100,双林股份,SZ,A 股
300101,振芯科技,SZ,A 股
300102,乾照光电,SZ,A 股
300103,达刚控股,SZ,A 股
300105,龙源技术,SZ,A 股
300106,西部牧业,SZ,A 股
300107,建新股份,SZ,A 股
300109,新开源,SZ,A 股
300110,华仁药业,SZ,A 股
300111,向日葵,SZ,A 股
300112,万讯自控,SZ,A 股
300113,顺网科技,SZ,A 股
300115,长盈精密,SZ,A 股
300118,东方日升,SZ,A 股
300119,瑞普生物,SZ,A 股
300120,经纬辉开,SZ,A 股
300121,阳谷华泰,SZ,A 股
300122,智飞生物,SZ,A 股
300123,亚光科技,SZ,A 股
300124,汇川技术,SZ,A 股
300125,*ST聆达,SZ,A 股
300126,锐奇股份,SZ,A 股
300127,银河磁体,SZ,A 股
300128,锦富技术,SZ,A 股
300129,泰胜风能,SZ,A 股
300130,新国都,SZ,A 股
300131,英唐智控,SZ,A 股
300132,青松股份,SZ,A 股
300133,华策影视,SZ,A 股
300134,大富科技,SZ,A 股
300135,宝利国际,SZ,A 股
300136,信维通信,SZ,A 股
300137,先河环保,SZ,A 股
300138,晨光生物,SZ,A 股
300139,晓程科技,SZ,A 股
300140,节能环境,SZ,A 股
300141,和顺电气,SZ,A 股
300142,沃森生物,SZ,A 股
300143,盈康生命,SZ,A 股
300144,宋城演艺,SZ,A 股
300145,南方泵业,SZ,A 股
300146,汤臣倍健,SZ,A 股
300147,ST香雪,SZ,A 股
300148,天舟文化,SZ,A 股
300149,睿智医药,SZ,A 股
300150,世纪瑞尔,SZ,A 股
300151,昌红科技,SZ,A 股
300152,ST新动力,SZ,A 股
300153,科泰电源,SZ,A 股
300154,瑞凌股份,SZ,A 股
300155,安居宝,SZ,A 股
300157,新锦动力,SZ,A 股
300158,振东制药,SZ,A 股
300159,*ST新研,SZ,A 股
300160,秀强股份,SZ,A 股
300161,华中数控,SZ,A 股
300162,雷曼光电,SZ,A 股
300163,先锋新材,SZ,A 股
300164,通源石油,SZ,A 股
300165,ST天瑞,SZ,A 股
300166,东方国信,SZ,A 股
300167,ST迪威迅,SZ,A 股
300168,万达信息,SZ,A 股
300169,天晟新材,SZ,A 股
300170,汉得信息,SZ,A 股
300171,东富龙,SZ,A 股
300172,中电环保,SZ,A 股
300173,ST福能,SZ,A 股
300174,元力股份,SZ,A 股
300175,ST朗源,SZ,A 股
300176,鸿特科技,SZ,A 股
300177,中海达,SZ,A 股
300179,四方达,SZ,A 股
300180,华峰超纤,SZ,A 股
300181,佐力药业,SZ,A 股
300182,捷成股份,SZ,A 股
300183,东软载波,SZ,A 股
300184,力源信息,SZ,A 股
300185,通裕重工,SZ,A 股
300187,永清环保,SZ,A 股
300188,国投智能,SZ,A 股
300189,神农种业,SZ,A 股
300190,维尔利,SZ,A 股
300191,潜能恒信,SZ,A 股
300192,科德教育,SZ,A 股
300193,佳士科技,SZ,A 股
300194,福安药业,SZ,A 股
300195,长荣股份,SZ,A 股
300196,长海股份,SZ,A 股
300197,节能铁汉,SZ,A 股
300198,ST纳川,SZ,A 股
300199,翰宇药业,SZ,A 股
300200,高盟新材,SZ,A 股
300201,海伦哲,SZ,A 股
300203,聚光科技,SZ,A 股
300204,舒泰神,SZ,A 股
300205,*ST天喻,SZ,A 股
300206,理邦仪器,SZ,A 股
300207,欣旺达,SZ,A 股
300209,行云科技,SZ,A 股
300210,森远股份,SZ,A 股
300211,*ST亿通,SZ,A 股
300212,易华录,SZ,A 股
300213,佳讯飞鸿,SZ,A 股
300214,日科化学,SZ,A 股
300215,电科院,SZ,A 股
300217,东方电热,SZ,A 股
300218,安利股份,SZ,A 股
300219,鸿利智汇,SZ,A 股
300220,金运激光,SZ,A 股
300221,银禧科技,SZ,A 股
300222,科大智能,SZ,A 股
300223,北京君正,SZ,A 股
300224,正海磁材,SZ,A 股
300225,*ST金泰,SZ,A 股
300226,上海钢联,SZ,A 股
300227,光韵达,SZ,A 股
300228,富瑞特装,SZ,A 股
300229,拓尔思,SZ,A 股
300230,永利股份,SZ,A 股
300231,银信科技,SZ,A 股
300232,洲明科技,SZ,A 股
300233,金城医药,SZ,A 股
300234,开尔新材,SZ,A 股
300235,方直科技,SZ,A 股
300236,上海新阳,SZ,A 股
300237,ST美晨,SZ,A 股
300238,冠昊生物,SZ,A 股
300239,东宝生物,SZ,A 股
300240,飞力达,SZ,A 股
300241,瑞丰光电,SZ,A 股
300242,佳云科技,SZ,A 股
300243,瑞丰高材,SZ,A 股
300244,迪安诊断,SZ,A 股
300245,天玑科技,SZ,A 股
300246,宝莱特,SZ,A 股
300247,融捷健康,SZ,A 股
300248,新开普,SZ,A 股
300249,依米康,SZ,A 股
300250,初灵信息,SZ,A 股
300251,光线传媒,SZ,A 股
300252,金信诺,SZ,A 股
300253,卫宁健康,SZ,A 股
300254,仟源医药,SZ,A 股
300255,常山药业,SZ,A 股
300256,星星科技,SZ,A 股
300257,开山股份,SZ,A 股
300258,精锻科技,SZ,A 股
300259,新天科技,SZ,A 股
300260,新莱应材,SZ,A 股
300261,雅本化学,SZ,A 股
300263,隆华科技,SZ,A 股
300264,佳创视讯,SZ,A 股
300265,通光线缆,SZ,A 股
300266,兴源环境,SZ,A 股
300267,尔康制药,SZ,A 股
300268,*ST佳沃,SZ,A 股
300269,联建光电,SZ,A 股
300270,中威电子,SZ,A 股
300271,华宇软件,SZ,A 股
300272,开能健康,SZ,A 股
300274,阳光电源,SZ,A 股
300275,梅安森,SZ,A 股
300276,三丰智能,SZ,A 股
300277,海联讯,SZ,A 股
300278,华昌达,SZ,A 股
300279,和晶科技,SZ,A 股
300281,金明精机,SZ,A 股
300283,温州宏丰,SZ,A 股
300284,苏交科,SZ,A 股
300285,国瓷材料,SZ,A 股
300286,安科瑞,SZ,A 股
300287,飞利信,SZ,A 股
300288,朗玛信息,SZ,A 股
300289,利德曼,SZ,A 股
300290,荣科科技,SZ,A 股
300291,百纳千成,SZ,A 股
300292,吴通控股,SZ,A 股
300293,蓝英装备,SZ,A 股
300294,博雅生物,SZ,A 股
300295,三六五网,SZ,A 股
300296,利亚德,SZ,A 股
300298,三诺生物,SZ,A 股
300299,富春股份,SZ,A 股
300300,海峡创新,SZ,A 股
300301,ST长方,SZ,A 股
300302,同有科技,SZ,A 股
300303,聚飞光电,SZ,A 股
300304,云意电气,SZ,A 股
300305,裕兴股份,SZ,A 股
300306,远方信息,SZ,A 股
300307,慈星股份,SZ,A 股
300308,中际旭创,SZ,A 股
300310,宜通世纪,SZ,A 股
300311,ST任子行,SZ,A 股
300313,*ST天山,SZ,A 股
300314,戴维医疗,SZ,A 股
300315,掌趣科技,SZ,A 股
300316,晶盛机电,SZ,A 股
300317,珈伟新能,SZ,A 股
300318,博晖创新,SZ,A 股
300319,麦捷科技,SZ,A 股
300320,海达股份,SZ,A 股
300321,同大股份,SZ,A 股
300322,硕贝德,SZ,A 股
300323,华灿光电,SZ,A 股
300324,旋极信息,SZ,A 股
300326,ST凯利,SZ,A 股
300327,中颖电子,SZ,A 股
300328,宜安科技,SZ,A 股
300329,海伦钢琴,SZ,A 股
300331,苏大维格,SZ,A 股
300332,天壕能源,SZ,A 股
300333,兆日科技,SZ,A 股
300334,津膜科技,SZ,A 股
300335,迪森股份,SZ,A 股
300337,银邦股份,SZ,A 股
300338,ST开元,SZ,A 股
300339,润和软件,SZ,A 股
300340,科恒股份,SZ,A 股
300341,麦克奥迪,SZ,A 股
300342,天银机电,SZ,A 股
300343,ST联创,SZ,A 股
300344,*ST立方,SZ,A 股
300345,华民股份,SZ,A 股
300346,南大光电,SZ,A 股
300347,泰格医药,SZ,A 股
300348,长亮科技,SZ,A 股
300349,金卡智能,SZ,A 股
300350,华鹏飞,SZ,A 股
300351,永贵电器,SZ,A 股
300352,北信源,SZ,A 股
300353,东土科技,SZ,A 股
300354,东华测试,SZ,A 股
300355,蒙草生态,SZ,A 股
300357,我武生物,SZ,A 股
300358,楚天科技,SZ,A 股
300359,全通教育,SZ,A 股
300360,炬华科技,SZ,A 股
300363,博腾股份,SZ,A 股
300364,中文在线,SZ,A 股
300365,恒华科技,SZ,A 股
300366,ST创意,SZ,A 股
300368,汇金股份,SZ,A 股
300369,绿盟科技,SZ,A 股
300370,安控科技,SZ,A 股
300371,汇中股份,SZ,A 股
300373,扬杰科技,SZ,A 股
300374,中铁装配,SZ,A 股
300375,鹏翎股份,SZ,A 股
300376,易事特,SZ,A 股
300377,赢时胜,SZ,A 股
300378,鼎捷数智,SZ,A 股
300380,安硕信息,SZ,A 股
300381,溢多利,SZ,A 股
300382,斯莱克,SZ,A 股
300383,光环新网,SZ,A 股
300384,三联虹普,SZ,A 股
300385,雪浪环境,SZ,A 股
300386,飞天诚信,SZ,A 股
300387,富邦科技,SZ,A 股
300388,节能国祯,SZ,A 股
300389,艾比森,SZ,A 股
300390,天华新能,SZ,A 股
300391,长药退,SZ,A 股
300393,中来股份,SZ,A 股
300394,天孚通信,SZ,A 股
300395,菲利华,SZ,A 股
300396,迪瑞医疗,SZ,A 股
300397,天和防务,SZ,A 股
300398,飞凯材料,SZ,A 股
300399,天利科技,SZ,A 股
300400,劲拓股份,SZ,A 股
300401,花园生物,SZ,A 股
300402,宝色股份,SZ,A 股
300403,汉宇集团,SZ,A 股
300404,博济医药,SZ,A 股
300405,科隆股份,SZ,A 股
300406,九强生物,SZ,A 股
300407,凯发电气,SZ,A 股
300408,三环集团,SZ,A 股
300409,道氏技术,SZ,A 股
300410,正业科技,SZ,A 股
300411,金盾股份,SZ,A 股
300412,迦南科技,SZ,A 股
300413,芒果超媒,SZ,A 股
300414,中光防雷,SZ,A 股
300415,伊之密,SZ,A 股
300416,苏试试验,SZ,A 股
300417,南华仪器,SZ,A 股
300418,昆仑万维,SZ,A 股
300419,ST浩丰,SZ,A 股
300420,五洋自控,SZ,A 股
300421,力星股份,SZ,A 股
300422,博世科,SZ,A 股
300423,昇辉科技,SZ,A 股
300424,航新科技,SZ,A 股
300425,中建环能,SZ,A 股
300426,华智数媒,SZ,A 股
300427,红相股份,SZ,A 股
300428,立中集团,SZ,A 股
300429,强力新材,SZ,A 股
300430,诚益通,SZ,A 股
300432,富临精工,SZ,A 股
300433,蓝思科技,SZ,A 股
300434,金石亚药,SZ,A 股
300435,中泰股份,SZ,A 股
300436,广生堂,SZ,A 股
300437,清水源,SZ,A 股
300438,鹏辉能源,SZ,A 股
300439,美康生物,SZ,A 股
300440,运达科技,SZ,A 股
300441,鲍斯股份,SZ,A 股
300442,润泽科技,SZ,A 股
300443,金雷股份,SZ,A 股
300444,双杰电气,SZ,A 股
300445,康斯特,SZ,A 股
300446,航天智造,SZ,A 股
300447,全信股份,SZ,A 股
300448,浩云科技,SZ,A 股
300449,汉邦高科,SZ,A 股
300450,先导智能,SZ,A 股
300451,创业慧康,SZ,A 股
300452,山河药辅,SZ,A 股
300453,三鑫医疗,SZ,A 股
300454,深信服,SZ,A 股
300455,航天智装,SZ,A 股
300456,赛微电子,SZ,A 股
300457,赢合科技,SZ,A 股
300458,全志科技,SZ,A 股
300459,汤姆猫,SZ,A 股
300460,ST惠伦,SZ,A 股
300461,田中精机,SZ,A 股
300462,ST华铭,SZ,A 股
300463,迈克生物,SZ,A 股
300464,星徽股份,SZ,A 股
300465,高伟达,SZ,A 股
300466,赛摩智能,SZ,A 股
300467,迅游科技,SZ,A 股
300468,四方精创,SZ,A 股
300469,信息发展,SZ,A 股
300470,中密控股,SZ,A 股
300471,厚普股份,SZ,A 股
300472,*ST新元,SZ,A 股
300473,德尔股份,SZ,A 股
300474,景嘉微,SZ,A 股
300475,香农芯创,SZ,A 股
300476,胜宏科技,SZ,A 股
300477,ST合纵,SZ,A 股
300478,杭州高新,SZ,A 股
300479,神思电子,SZ,A 股
300480,光力科技,SZ,A 股
300481,濮阳惠成,SZ,A 股
300482,万孚生物,SZ,A 股
300483,首华燃气,SZ,A 股
300484,蓝海华腾,SZ,A 股
300485,赛升药业,SZ,A 股
300486,东杰智能,SZ,A 股
300487,蓝晓科技,SZ,A 股
300488,恒锋工具,SZ,A 股
300489,光智科技,SZ,A 股
300490,华自科技,SZ,A 股
300491,通合科技,SZ,A 股
300492,华图山鼎,SZ,A 股
300493,润欣科技,SZ,A 股
300494,盛天网络,SZ,A 股
300496,中科创达,SZ,A 股
300497,富祥药业,SZ,A 股
300498,温氏股份,SZ,A 股
300499,高澜股份,SZ,A 股
300500,启迪设计,SZ,A 股
300501,海顺新材,SZ,A 股
300502,新易盛,SZ,A 股
300503,昊志机电,SZ,A 股
300504,天邑股份,SZ,A 股
300505,川金诺,SZ,A 股
300506,ST名家汇,SZ,A 股
300507,苏奥传感,SZ,A 股
300508,维宏股份,SZ,A 股
300509,新美星,SZ,A 股
300510,金冠股份,SZ,A 股
300511,雪榕生物,SZ,A 股
300512,中亚股份,SZ,A 股
300513,恒实科技,SZ,A 股
300514,友讯达,SZ,A 股
300515,三德科技,SZ,A 股
300516,久之洋,SZ,A 股
300517,海波重科,SZ,A 股
300518,新迅达,SZ,A 股
300519,新光药业,SZ,A 股
300520,科大国创,SZ,A 股
300521,爱司凯,SZ,A 股
300522,世名科技,SZ,A 股
300523,辰安科技,SZ,A 股
300525,博思软件,SZ,A 股
300527,ST应急,SZ,A 股
300528,幸福蓝海,SZ,A 股
300529,健帆生物,SZ,A 股
300530,领湃科技,SZ,A 股
300531,优博讯,SZ,A 股
300532,今天国际,SZ,A 股
300533,冰川网络,SZ,A 股
300534,陇神戎发,SZ,A 股
300535,达威股份,SZ,A 股
300536,农尚环境,SZ,A 股
300537,广信材料,SZ,A 股
300538,同益股份,SZ,A 股
300539,横河精密,SZ,A 股
300540,蜀道装备,SZ,A 股
300541,先进数通,SZ,A 股
300542,新晨科技,SZ,A 股
300543,朗科智能,SZ,A 股
300545,联得装备,SZ,A 股
300546,雄帝科技,SZ,A 股
300547,川环科技,SZ,A 股
300548,长芯博创,SZ,A 股
300549,优德精密,SZ,A 股
300550,和仁科技,SZ,A 股
300551,古鳌科技,SZ,A 股
300552,万集科技,SZ,A 股
300553,集智股份,SZ,A 股
300554,三超新材,SZ,A 股
300555,ST路通,SZ,A 股
300556,丝路视觉,SZ,A 股
300557,理工光科,SZ,A 股
300558,贝达药业,SZ,A 股
300559,佳发教育,SZ,A 股
300560,中富通,SZ,A 股
300561,*ST汇科,SZ,A 股
300562,乐心医疗,SZ,A 股
300563,神宇股份,SZ,A 股
300564,筑博设计,SZ,A 股
300565,科信技术,SZ,A 股
300566,激智科技,SZ,A 股
300567,精测电子,SZ,A 股
300568,星源材质,SZ,A 股
300569,天能重工,SZ,A 股
300570,太辰光,SZ,A 股
300571,平治信息,SZ,A 股
300572,安车检测,SZ,A 股
300573,兴齐眼药,SZ,A 股
300575,中旗股份,SZ,A 股
300576,容大感光,SZ,A 股
300577,开润股份,SZ,A 股
300578,会畅科技,SZ,A 股
300579,数字认证,SZ,A 股
300580,贝斯特,SZ,A 股
300581,晨曦航空,SZ,A 股
300582,英飞特,SZ,A 股
300583,赛托生物,SZ,A 股
300584,海辰药业,SZ,A 股
300585,奥联电子,SZ,A 股
300586,美联新材,SZ,A 股
300587,天铁科技,SZ,A 股
300588,熙菱信息,SZ,A 股
300589,江龙船艇,SZ,A 股
300590,移为通信,SZ,A 股
300591,万里马,SZ,A 股
300592,华凯易佰,SZ,A 股
300593,新雷能,SZ,A 股
300594,朗进科技,SZ,A 股
300595,欧普康视,SZ,A 股
300596,利安隆,SZ,A 股
300597,吉大通信,SZ,A 股
300598,诚迈科技,SZ,A 股
300599,雄塑科技,SZ,A 股
300600,国瑞科技,SZ,A 股
300601,康泰生物,SZ,A 股
300602,飞荣达,SZ,A 股
300603,立昂技术,SZ,A 股
300604,长川科技,SZ,A 股
300605,恒锋信息,SZ,A 股
300606,金太阳,SZ,A 股
300607,拓斯达,SZ,A 股
300608,思特奇,SZ,A 股
300609,汇纳科技,SZ,A 股
300610,晨化股份,SZ,A 股
300611,美力科技,SZ,A 股
300612,宣亚国际,SZ,A 股
300613,富瀚微,SZ,A 股
300614,百川畅银,SZ,A 股
300615,欣天科技,SZ,A 股
300616,尚品宅配,SZ,A 股
300617,安靠智电,SZ,A 股
300618,寒锐钴业,SZ,A 股
300619,金银河,SZ,A 股
300620,光库科技,SZ,A 股
300621,维业股份,SZ,A 股
300622,博士眼镜,SZ,A 股
300623,捷捷微电,SZ,A 股
300624,万兴科技,SZ,A 股
300625,三雄极光,SZ,A 股
300626,华瑞股份,SZ,A 股
300627,华测导航,SZ,A 股
300628,亿联网络,SZ,A 股
300629,新劲刚,SZ,A 股
300631,久吾高科,SZ,A 股
300632,光莆股份,SZ,A 股
300633,开立医疗,SZ,A 股
300634,彩讯股份,SZ,A 股
300635,中达安,SZ,A 股
300636,同和药业,SZ,A 股
300637,扬帆新材,SZ,A 股
300638,广和通,SZ,A 股
300639,凯普生物,SZ,A 股
300640,德艺文创,SZ,A 股
300641,正丹股份,SZ,A 股
300642,透景生命,SZ,A 股
300643,万通智控,SZ,A 股
300644,南京聚隆,SZ,A 股
300645,正元智慧,SZ,A 股
300647,超频三,SZ,A 股
300648,星云股份,SZ,A 股
300649,杭州园林,SZ,A 股
300650,太龙股份,SZ,A 股
300651,金陵体育,SZ,A 股
300652,雷迪克,SZ,A 股
300653,正海生物,SZ,A 股
300654,世纪天鸿,SZ,A 股
300655,晶瑞电材,SZ,A 股
300656,民德电子,SZ,A 股
300657,弘信电子,SZ,A 股
300658,延江股份,SZ,A 股
300659,中孚信息,SZ,A 股
300660,江苏雷利,SZ,A 股
300661,圣邦股份,SZ,A 股
300662,科锐国际,SZ,A 股
300663,科蓝软件,SZ,A 股
300664,鹏鹞环保,SZ,A 股
300665,飞鹿股份,SZ,A 股
300666,江丰电子,SZ,A 股
300667,必创科技,SZ,A 股
300668,杰恩设计,SZ,A 股
300669,沪宁股份,SZ,A 股
300670,大烨智能,SZ,A 股
300671,富满微,SZ,A 股
300672,国科微,SZ,A 股
300673,佩蒂股份,SZ,A 股
300674,宇信科技,SZ,A 股
300675,建科院,SZ,A 股
300676,华大基因,SZ,A 股
300677,英科医疗,SZ,A 股
300678,中科信息,SZ,A 股
300679,电连技术,SZ,A 股
300680,隆盛科技,SZ,A 股
300681,英搏尔,SZ,A 股
300682,朗新科技,SZ,A 股
300683,海特生物,SZ,A 股
300684,中石科技,SZ,A 股
300685,艾德生物,SZ,A 股
300686,智动力,SZ,A 股
300687,赛意信息,SZ,A 股
300688,创业黑马,SZ,A 股
300689,澄天伟业,SZ,A 股
300690,双一科技,SZ,A 股
300691,联合光电,SZ,A 股
300692,中赋科技,SZ,A 股
300693,盛弘股份,SZ,A 股
300694,蠡湖股份,SZ,A 股
300695,兆丰股份,SZ,A 股
300696,爱乐达,SZ,A 股
300697,电工合金,SZ,A 股
300698,万马科技,SZ,A 股
300699,光威复材,SZ,A 股
300700,岱勒新材,SZ,A 股
300701,森霸传感,SZ,A 股
300702,天宇股份,SZ,A 股
300703,创源股份,SZ,A 股
300705,九典制药,SZ,A 股
300706,阿石创,SZ,A 股
300707,威唐工业,SZ,A 股
300708,聚灿光电,SZ,A 股
300709,精研科技,SZ,A 股
300710,万隆光电,SZ,A 股
300711,广哈通信,SZ,A 股
300712,永福股份,SZ,A 股
300713,英可瑞,SZ,A 股
300715,凯伦股份,SZ,A 股
300716,ST泉为,SZ,A 股
300717,华信新材,SZ,A 股
300718,长盛轴承,SZ,A 股
300719,安达维尔,SZ,A 股
300720,海川智能,SZ,A 股
300721,怡达股份,SZ,A 股
300722,新余国科,SZ,A 股
300723,一品红,SZ,A 股
300724,捷佳伟创,SZ,A 股
300725,药石科技,SZ,A 股
300726,宏达电子,SZ,A 股
300727,润禾材料,SZ,A 股
300729,乐歌股份,SZ,A 股
300730,科创信息,SZ,A 股
300731,科创新源,SZ,A 股
300732,设研院,SZ,A 股
300733,西菱动力,SZ,A 股
300735,光弘科技,SZ,A 股
300736,百邦科技,SZ,A 股
300737,科顺股份,SZ,A 股
300738,奥飞数据,SZ,A 股
300739,明阳电路,SZ,A 股
300740,水羊股份,SZ,A 股
300741,华宝股份,SZ,A 股
300743,天地数码,SZ,A 股
300745,欣锐科技,SZ,A 股
300746,汉嘉数智,SZ,A 股
300747,锐科激光,SZ,A 股
300748,金力永磁,SZ,A 股
300749,顶固集创,SZ,A 股
300750,宁德时代,SZ,A 股
300751,迈为股份,SZ,A 股
300752,隆利科技,SZ,A 股
300753,爱朋医疗,SZ,A 股
300755,华致酒行,SZ,A 股
300756,金马游乐,SZ,A 股
300757,罗博特科,SZ,A 股
300758,七彩化学,SZ,A 股
300759,康龙化成,SZ,A 股
300760,迈瑞医疗,SZ,A 股
300761,立华股份,SZ,A 股
300762,上海瀚讯,SZ,A 股
300763,锦浪科技,SZ,A 股
300765,新诺威,SZ,A 股
300766,每日互动,SZ,A 股
300767,震安科技,SZ,A 股
300768,迪普科技,SZ,A 股
300769,德方纳米,SZ,A 股
300770,新媒股份,SZ,A 股
300771,智莱科技,SZ,A 股
300772,运达股份,SZ,A 股
300773,拉卡拉,SZ,A 股
300774,倍杰特,SZ,A 股
300775,三角防务,SZ,A 股
300776,帝尔激光,SZ,A 股
300777,中简科技,SZ,A 股
300778,新城市,SZ,A 股
300779,惠城环保,SZ,A 股
300780,德恩精工,SZ,A 股
300781,因赛集团,SZ,A 股
300782,卓胜微,SZ,A 股
300783,三只松鼠,SZ,A 股
300784,利安科技,SZ,A 股
300785,值得买,SZ,A 股
300786,国林科技,SZ,A 股
300787,海能实业,SZ,A 股
300788,中信出版,SZ,A 股
300789,唐源电气,SZ,A 股
300790,宇瞳光学,SZ,A 股
300791,仙乐健康,SZ,A 股
300792,壹网壹创,SZ,A 股
300793,佳禾智能,SZ,A 股
300795,米奥会展,SZ,A 股
300796,贝斯美,SZ,A 股
300797,钢研纳克,SZ,A 股
300798,锦鸡股份,SZ,A 股
300800,力合科技,SZ,A 股
300801,泰和科技,SZ,A 股
300802,矩子科技,SZ,A 股
300803,指南针,SZ,A 股
300804,广康生化,SZ,A 股
300805,电声股份,SZ,A 股
300806,斯迪克,SZ,A 股
300807,天迈科技,SZ,A 股
300808,久量股份,SZ,A 股
300809,华辰装备,SZ,A 股
300810,中科海讯,SZ,A 股
300811,铂科新材,SZ,A 股
300812,易天股份,SZ,A 股
300813,泰林生物,SZ,A 股
300814,中富电路,SZ,A 股
300815,玉禾田,SZ,A 股
300816,艾可蓝,SZ,A 股
300817,双飞集团,SZ,A 股
300818,耐普矿机,SZ,A 股
300819,聚杰微纤,SZ,A 股
300820,英杰电气,SZ,A 股
300821,东岳硅材,SZ,A 股
300822,贝仕达克,SZ,A 股
300823,建科智能,SZ,A 股
300824,北鼎股份,SZ,A 股
300825,阿尔特,SZ,A 股
300826,测绘股份,SZ,A 股
300827,上能电气,SZ,A 股
300828,锐新科技,SZ,A 股
300829,金丹科技,SZ,A 股
300830,金现代,SZ,A 股
300831,派瑞股份,SZ,A 股
300832,新产业,SZ,A 股
300833,浩洋股份,SZ,A 股
300834,星辉环材,SZ,A 股
300835,龙磁科技,SZ,A 股
300836,佰奥智能,SZ,A 股
300837,浙矿股份,SZ,A 股
300838,浙江力诺,SZ,A 股
300839,博汇股份,SZ,A 股
300840,酷特智能,SZ,A 股
300841,康华生物,SZ,A 股
300842,帝科股份,SZ,A 股
300843,胜蓝股份,SZ,A 股
300844,山水比德,SZ,A 股
300845,捷安高科,SZ,A 股
300846,首都在线,SZ,A 股
300847,中船汉光,SZ,A 股
300848,美瑞新材,SZ,A 股
300849,锦盛新材,SZ,A 股
300850,新强联,SZ,A 股
300851,交大思诺,SZ,A 股
300852,四会富仕,SZ,A 股
300853,申昊科技,SZ,A 股
300854,中兰环保,SZ,A 股
300855,图南股份,SZ,A 股
300856,科思股份,SZ,A 股
300857,协创数据,SZ,A 股
300858,科拓生物,SZ,A 股
300859,西域旅游,SZ,A 股
300860,锋尚文化,SZ,A 股
300861,美畅股份,SZ,A 股
300862,蓝盾光电,SZ,A 股
300863,卡倍亿,SZ,A 股
300864,南大环境,SZ,A 股
300865,大宏立,SZ,A 股
300866,安克创新,SZ,A 股
300867,圣元环保,SZ,A 股
300868,杰美特,SZ,A 股
300869,康泰医学,SZ,A 股
300870,欧陆通,SZ,A 股
300871,回盛生物,SZ,A 股
300872,天阳科技,SZ,A 股
300873,海晨股份,SZ,A 股
300875,捷强装备,SZ,A 股
300876,蒙泰高新,SZ,A 股
300877,金春股份,SZ,A 股
300878,维康药业,SZ,A 股
300879,大叶股份,SZ,A 股
300880,迦南智能,SZ,A 股
300881,盛德鑫泰,SZ,A 股
300882,万胜智能,SZ,A 股
300883,龙利得,SZ,A 股
300884,狄耐克,SZ,A 股
300885,海昌新材,SZ,A 股
300886,华业香料,SZ,A 股
300887,谱尼测试,SZ,A 股
300888,稳健医疗,SZ,A 股
300889,爱克股份,SZ,A 股
300890,翔丰华,SZ,A 股
300891,惠云钛业,SZ,A 股
300892,品渥食品,SZ,A 股
300893,松原安全,SZ,A 股
300894,火星人,SZ,A 股
300895,铜牛信息,SZ,A 股
300896,爱美客,SZ,A 股
300897,山科智能,SZ,A 股
300898,熊猫乳品,SZ,A 股
300899,*ST凯鑫,SZ,A 股
300900,广联航空,SZ,A 股
300901,中胤时尚,SZ,A 股
300902,国安达,SZ,A 股
300903,科翔股份,SZ,A 股
300904,威力传动,SZ,A 股
300905,宝丽迪,SZ,A 股
300906,日月明,SZ,A 股
300907,康平科技,SZ,A 股
300908,仲景食品,SZ,A 股
300909,汇创达,SZ,A 股
300910,瑞丰新材,SZ,A 股
300911,亿田智能,SZ,A 股
300912,凯龙高科,SZ,A 股
300913,兆龙互连,SZ,A 股
300915,海融科技,SZ,A 股
300916,朗特智能,SZ,A 股
300917,特发服务,SZ,A 股
300918,南山智尚,SZ,A 股
300919,中伟新材,SZ,A 股
300920,润阳科技,SZ,A 股
300921,南凌科技,SZ,A 股
300922,天秦装备,SZ,A 股
300923,研奥股份,SZ,A 股
300925,法本信息,SZ,A 股
300926,博俊科技,SZ,A 股
300927,江天化学,SZ,A 股
300928,华安鑫创,SZ,A 股
300929,华骐环保,SZ,A 股
300930,屹通新材,SZ,A 股
300931,通用电梯,SZ,A 股
300932,三友联众,SZ,A 股
300933,中辰股份,SZ,A 股
300935,盈建科,SZ,A 股
300936,中英科技,SZ,A 股
300937,药易购,SZ,A 股
300938,信测标准,SZ,A 股
300939,秋田微,SZ,A 股
300940,南极光,SZ,A 股
300941,创识科技,SZ,A 股
300942,易瑞生物,SZ,A 股
300943,春晖智控,SZ,A 股
300945,曼卡龙,SZ,A 股
300946,恒而达,SZ,A 股
300947,德必集团,SZ,A 股
300948,冠中生态,SZ,A 股
300949,奥雅股份,SZ,A 股
300950,德固特,SZ,A 股
300951,博硕科技,SZ,A 股
300952,恒辉安防,SZ,A 股
300953,震裕科技,SZ,A 股
300955,嘉亨家化,SZ,A 股
300956,英力股份,SZ,A 股
300957,贝泰妮,SZ,A 股
300958,建工修复,SZ,A 股
300959,线上线下,SZ,A 股
300960,通业科技,SZ,A 股
300961,深水海纳,SZ,A 股
300962,中金辐照,SZ,A 股
300963,中洲特材,SZ,A 股
300964,本川智能,SZ,A 股
300965,恒宇信通,SZ,A 股
300966,共同药业,SZ,A 股
300967,晓鸣股份,SZ,A 股
300968,格林精密,SZ,A 股
300969,恒帅股份,SZ,A 股
300970,华绿生物,SZ,A 股
300971,博亚精工,SZ,A 股
300972,万辰集团,SZ,A 股
300973,立高食品,SZ,A 股
300975,商络电子,SZ,A 股
300976,达瑞电子,SZ,A 股
300977,深圳瑞捷,SZ,A 股
300978,东箭科技,SZ,A 股
300979,华利集团,SZ,A 股
300980,祥源新材,SZ,A 股
300981,中红医疗,SZ,A 股
300982,苏文电能,SZ,A 股
300983,尤安设计,SZ,A 股
300984,金沃股份,SZ,A 股
300985,致远新能,SZ,A 股
300986,志特新材,SZ,A 股
300987,川网传媒,SZ,A 股
300988,津荣天宇,SZ,A 股
300989,蕾奥规划,SZ,A 股
300990,同飞股份,SZ,A 股
300991,创益通,SZ,A 股
300992,泰福泵业,SZ,A 股
300993,玉马科技,SZ,A 股
300994,久祺股份,SZ,A 股
300995,奇德新材,SZ,A 股
300996,普联软件,SZ,A 股
300997,欢乐家,SZ,A 股
300998,宁波方正,SZ,A 股
300999,金龙鱼,SZ,A 股
301000,肇民科技,SZ,A 股
301001,凯淳股份,SZ,A 股
301002,崧盛股份,SZ,A 股
301003,江苏博云,SZ,A 股
301004,嘉益股份,SZ,A 股
301005,超捷股份,SZ,A 股
301006,迈拓股份,SZ,A 股
301007,德迈仕,SZ,A 股
301008,宏昌科技,SZ,A 股
301009,可靠股份,SZ,A 股
301010,晶雪节能,SZ,A 股
301011,华立科技,SZ,A 股
301012,扬电科技,SZ,A 股
301013,利和兴,SZ,A 股
301015,百洋医药,SZ,A 股
301016,雷尔伟,SZ,A 股
301017,漱玉平民,SZ,A 股
301018,申菱环境,SZ,A 股
301019,宁波色母,SZ,A 股
301020,密封科技,SZ,A 股
301021,英诺激光,SZ,A 股
301022,海泰科,SZ,A 股
301023,奕帆传动,SZ,A 股
301024,霍普股份,SZ,A 股
301025,读客文化,SZ,A 股
301026,浩通科技,SZ,A 股
301027,华蓝集团,SZ,A 股
301028,鼎熔岩,SZ,A 股
301029,怡合达,SZ,A 股
301030,仕净科技,SZ,A 股
301031,中熔电气,SZ,A 股
301032,新柴股份,SZ,A 股
301033,迈普医学,SZ,A 股
301035,润丰股份,SZ,A 股
301036,双乐股份,SZ,A 股
301037,保立佳,SZ,A 股
301038,深水规院,SZ,A 股
301039,中集车辆,SZ,A 股
301040,中环海陆,SZ,A 股
301041,金百泽,SZ,A 股
301042,安联锐视,SZ,A 股
301043,绿岛风,SZ,A 股
301045,天禄科技,SZ,A 股
301046,能辉科技,SZ,A 股
301047,义翘神州,SZ,A 股
301048,金鹰重工,SZ,A 股
301049,超越科技,SZ,A 股
301050,雷电微力,SZ,A 股
301051,信濠光电,SZ,A 股
301052,果麦文化,SZ,A 股
301053,远信工业,SZ,A 股
301055,张小泉,SZ,A 股
301056,森赫股份,SZ,A 股
301057,汇隆新材,SZ,A 股
301058,中粮科工,SZ,A 股
301059,金三江,SZ,A 股
301060,兰卫医学,SZ,A 股
301061,匠心家居,SZ,A 股
301062,上海艾录,SZ,A 股
301063,海锅股份,SZ,A 股
301065,本立科技,SZ,A 股
301066,万事利,SZ,A 股
301067,显盈科技,SZ,A 股
301068,大地海洋,SZ,A 股
301069,凯盛新材,SZ,A 股
301070,开勒股份,SZ,A 股
301071,力量钻石,SZ,A 股
301072,中捷精工,SZ,A 股
301073,君亭酒店,SZ,A 股
301075,多瑞医药,SZ,A 股
301076,新瀚新材,SZ,A 股
301077,星华新材,SZ,A 股
301078,孩子王,SZ,A 股
301079,邵阳液压,SZ,A 股
301080,百普赛斯,SZ,A 股
301081,严牌股份,SZ,A 股
301082,久盛电气,SZ,A 股
301083,百胜智能,SZ,A 股
301085,亚康股份,SZ,A 股
301086,鸿富瀚,SZ,A 股
301087,可孚医疗,SZ,A 股
301088,戎美股份,SZ,A 股
301089,拓新药业,SZ,A 股
301090,华润材料,SZ,A 股
301091,深城交,SZ,A 股
301092,争光股份,SZ,A 股
301093,华兰股份,SZ,A 股
301095,广立微,SZ,A 股
301096,百诚医药,SZ,A 股
301097,天益医疗,SZ,A 股
301098,金埔园林,SZ,A 股
301099,雅创电子,SZ,A 股
301100,风光股份,SZ,A 股
301101,明月镜片,SZ,A 股
301102,兆讯传媒,SZ,A 股
301103,何氏眼科,SZ,A 股
301105,鸿铭股份,SZ,A 股
301106,骏成科技,SZ,A 股
301107,瑜欣电子,SZ,A 股
301108,洁雅股份,SZ,A 股
301109,军信股份,SZ,A 股
301110,青木科技,SZ,A 股
301111,粤万年青,SZ,A 股
301112,信邦智能,SZ,A 股
301113,雅艺科技,SZ,A 股
301115,联检科技,SZ,A 股
301116,益客食品,SZ,A 股
301117,佳缘科技,SZ,A 股
301118,恒光股份,SZ,A 股
301119,正强股份,SZ,A 股
301120,新特电气,SZ,A 股
301121,紫建电子,SZ,A 股
301122,采纳股份,SZ,A 股
301123,奕东电子,SZ,A 股
301125,腾亚精工,SZ,A 股
301126,达嘉维康,SZ,A 股
301127,武汉天源,SZ,A 股
301128,强瑞技术,SZ,A 股
301129,瑞纳智能,SZ,A 股
301130,西点药业,SZ,A 股
301131,聚赛龙,SZ,A 股
301132,满坤科技,SZ,A 股
301133,金钟股份,SZ,A 股
301135,瑞德智能,SZ,A 股
301136,招标股份,SZ,A 股
301137,哈焊华通,SZ,A 股
301138,华研精机,SZ,A 股
301139,元道通信,SZ,A 股
301141,中科磁业,SZ,A 股
301148,嘉戎技术,SZ,A 股
301149,隆华新材,SZ,A 股
301150,中一科技,SZ,A 股
301151,冠龙节能,SZ,A 股
301152,天力锂能,SZ,A 股
301153,中科江南,SZ,A 股
301155,海力风电,SZ,A 股
301156,美农生物,SZ,A 股
301157,华塑科技,SZ,A 股
301158,德石股份,SZ,A 股
301159,三维天地,SZ,A 股
301160,翔楼新材,SZ,A 股
301161,唯万密封,SZ,A 股
301162,国能日新,SZ,A 股
301163,宏德股份,SZ,A 股
301165,锐捷网络,SZ,A 股
301166,优宁维,SZ,A 股
301167,建研设计,SZ,A 股
301168,通灵股份,SZ,A 股
301169,零点有数,SZ,A 股
301170,锡南科技,SZ,A 股
301171,易点天下,SZ,A 股
301172,君逸数码,SZ,A 股
301173,毓恬冠佳,SZ,A 股
301175,中科环保,SZ,A 股
301176,逸豪新材,SZ,A 股
301177,迪阿股份,SZ,A 股
301178,天亿马,SZ,A 股
301179,泽宇智能,SZ,A 股
301180,万祥科技,SZ,A 股
301181,标榜股份,SZ,A 股
301182,凯旺科技,SZ,A 股
301183,东田微,SZ,A 股
301185,鸥玛软件,SZ,A 股
301186,超达装备,SZ,A 股
301187,欧圣电气,SZ,A 股
301188,力诺药包,SZ,A 股
301189,奥尼电子,SZ,A 股
301190,善水科技,SZ,A 股
301191,菲菱科思,SZ,A 股
301192,泰祥股份,SZ,A 股
301193,家联科技,SZ,A 股
301195,北路智控,SZ,A 股
301196,唯科科技,SZ,A 股
301197,工大科雅,SZ,A 股
301198,喜悦智行,SZ,A 股
301199,迈赫股份,SZ,A 股
301200,大族数控,SZ,A 股
301201,诚达药业,SZ,A 股
301202,朗威股份,SZ,A 股
301203,国泰环保,SZ,A 股
301205,联特科技,SZ,A 股
301206,三元生物,SZ,A 股
301207,华兰疫苗,SZ,A 股
301208,中亦科技,SZ,A 股
301209,联合化学,SZ,A 股
301210,金杨精密,SZ,A 股
301211,亨迪药业,SZ,A 股
301212,联盛化学,SZ,A 股
301213,观想科技,SZ,A 股
301215,中汽股份,SZ,A 股
301216,万凯新材,SZ,A 股
301217,铜冠铜箔,SZ,A 股
301218,华是科技,SZ,A 股
301219,腾远钴业,SZ,A 股
301220,亚香股份,SZ,A 股
301221,光庭信息,SZ,A 股
301222,浙江恒威,SZ,A 股
301223,中荣股份,SZ,A 股
301225,恒勃股份,SZ,A 股
301226,祥明智能,SZ,A 股
301227,森鹰窗业,SZ,A 股
301228,实朴检测,SZ,A 股
301229,纽泰格,SZ,A 股
301230,泓博医药,SZ,A 股
301231,荣信文化,SZ,A 股
301232,飞沃科技,SZ,A 股
301233,盛帮股份,SZ,A 股
301234,五洲医疗,SZ,A 股
301235,华康洁净,SZ,A 股
301236,软通动力,SZ,A 股
301237,和顺科技,SZ,A 股
301238,瑞泰新材,SZ,A 股
301239,普瑞眼科,SZ,A 股
301246,宏源药业,SZ,A 股
301248,杰创智能,SZ,A 股
301251,威尔高,SZ,A 股
301252,同星科技,SZ,A 股
301255,通力科技,SZ,A 股
301256,华融化学,SZ,A 股
301257,普蕊斯,SZ,A 股
301258,富士莱,SZ,A 股
301259,艾布鲁,SZ,A 股
301260,格力博,SZ,A 股
301261,恒工精密,SZ,A 股
301262,海看股份,SZ,A 股
301263,泰恩康,SZ,A 股
301265,华新环保,SZ,A 股
301266,宇邦新材,SZ,A 股
301267,华厦眼科,SZ,A 股
301268,铭利达,SZ,A 股
301269,华大九天,SZ,A 股
301270,汉仪股份,SZ,A 股
301272,英华特,SZ,A 股
301273,瑞晨环保,SZ,A 股
301275,汉朔科技,SZ,A 股
301276,嘉曼服饰,SZ,A 股
301277,新天地,SZ,A 股
301278,快可电子,SZ,A 股
301279,金道科技,SZ,A 股
301280,珠城科技,SZ,A 股
301281,科源制药,SZ,A 股
301282,金禄电子,SZ,A 股
301283,聚胶股份,SZ,A 股
301285,鸿日达,SZ,A 股
301286,侨源股份,SZ,A 股
301287,康力源,SZ,A 股
301288,*ST清研,SZ,A 股
301289,国缆检测,SZ,A 股
301290,东星医疗,SZ,A 股
301291,明阳电气,SZ,A 股
301292,海科新源,SZ,A 股
301293,三博脑科,SZ,A 股
301295,美硕科技,SZ,A 股
301296,新巨丰,SZ,A 股
301297,富乐德,SZ,A 股
301298,东利机械,SZ,A 股
301299,卓创资讯,SZ,A 股
301300,远翔新材,SZ,A 股
301301,川宁生物,SZ,A 股
301302,华如科技,SZ,A 股
301303,真兰仪表,SZ,A 股
301305,朗坤科技,SZ,A 股
301306,西测测试,SZ,A 股
301307,美利信,SZ,A 股
301308,江波龙,SZ,A 股
301309,万得凯,SZ,A 股
301310,鑫宏业,SZ,A 股
301311,昆船智能,SZ,A 股
301312,智立方,SZ,A 股
301313,凡拓数创,SZ,A 股
301314,科瑞思,SZ,A 股
301315,威士顿,SZ,A 股
301316,慧博云通,SZ,A 股
301317,鑫磊股份,SZ,A 股
301318,维海德,SZ,A 股
301319,唯特偶,SZ,A 股
301320,豪江智能,SZ,A 股
301321,翰博高新,SZ,A 股
301322,绿通科技,SZ,A 股
301323,新莱福,SZ,A 股
301325,曼恩斯特,SZ,A 股
301326,捷邦科技,SZ,A 股
301327,华宝新能,SZ,A 股
301328,维峰电子,SZ,A 股
301329,信音电子,SZ,A 股
301330,熵基科技,SZ,A 股
301331,恩威医药,SZ,A 股
301332,德尔玛,SZ,A 股
301333,诺思格,SZ,A 股
301335,天元宠物,SZ,A 股
301336,趣睡科技,SZ,A 股
301337,亚华电子,SZ,A 股
301338,凯格精机,SZ,A 股
301339,通行宝,SZ,A 股
301345,涛涛车业,SZ,A 股
301348,蓝箭电子,SZ,A 股
301349,信德新材,SZ,A 股
301353,普莱得,SZ,A 股
301355,南王科技,SZ,A 股
301356,天振股份,SZ,A 股
301357,北方长龙,SZ,A 股
301358,湖南裕能,SZ,A 股
301359,东南电子,SZ,A 股
301360,荣旗科技,SZ,A 股
301361,众智科技,SZ,A 股
301362,民爆光电,SZ,A 股
301363,美好医疗,SZ,A 股
301365,矩阵股份,SZ,A 股
301366,一博科技,SZ,A 股
301367,瑞迈特,SZ,A 股
301368,丰立智能,SZ,A 股
301369,联动科技,SZ,A 股
301370,国科恒泰,SZ,A 股
301371,敷尔佳,SZ,A 股
301372,科净源,SZ,A 股
301373,凌玮科技,SZ,A 股
301376,致欧科技,SZ,A 股
301377,鼎泰高科,SZ,A 股
301378,通达海,SZ,A 股
301379,天山电子,SZ,A 股
301380,挖金客,SZ,A 股
301381,赛维时代,SZ,A 股
301382,蜂助手,SZ,A 股
301383,天键股份,SZ,A 股
301386,未来电器,SZ,A 股
301387,光大同创,SZ,A 股
301388,欣灵电气,SZ,A 股
301389,隆扬电子,SZ,A 股
301390,经纬股份,SZ,A 股
301391,卡莱特,SZ,A 股
301392,汇成真空,SZ,A 股
301393,昊帆生物,SZ,A 股
301395,仁信新材,SZ,A 股
301396,宏景科技,SZ,A 股
301397,溯联股份,SZ,A 股
301398,星源卓镁,SZ,A 股
301399,英特科技,SZ,A 股
301408,华人健康,SZ,A 股
301413,安培龙,SZ,A 股
301418,协昌科技,SZ,A 股
301419,阿莱德,SZ,A 股
301421,波长光电,SZ,A 股
301428,世纪恒通,SZ,A 股
301429,森泰股份,SZ,A 股
301439,泓淋电力,SZ,A 股
301446,福事特,SZ,A 股
301448,开创电气,SZ,A 股
301449,天溯计量,SZ,A 股
301456,盘古智能,SZ,A 股
301458,钧崴电子,SZ,A 股
301459,丰茂股份,SZ,A 股
301468,博盈特焊,SZ,A 股
301469,恒达新材,SZ,A 股
301479,弘景光电,SZ,A 股
301486,致尚科技,SZ,A 股
301487,盟固利,SZ,A 股
301488,豪恩汽电,SZ,A 股
301489,思泉新材,SZ,A 股
301491,汉桑科技,SZ,A 股
301498,乖宝宠物,SZ,A 股
301499,维科精密,SZ,A 股
301500,飞南资源,SZ,A 股
301501,恒鑫生活,SZ,A 股
301502,华阳智能,SZ,A 股
301503,智迪科技,SZ,A 股
301505,苏州规划,SZ,A 股
301507,民生健康,SZ,A 股
301508,中机认检,SZ,A 股
301509,金凯生科,SZ,A 股
301510,固高科技,SZ,A 股
301511,德福科技,SZ,A 股
301512,智信精密,SZ,A 股
301515,港通医疗,SZ,A 股
301516,中远通,SZ,A 股
301517,陕西华达,SZ,A 股
301518,长华化学,SZ,A 股
301519,舜禹股份,SZ,A 股
301520,万邦医药,SZ,A 股
301522,上大股份,SZ,A 股
301525,儒竞科技,SZ,A 股
301526,国际复材,SZ,A 股
301528,多浦乐,SZ,A 股
301529,福赛科技,SZ,A 股
301533,威马农机,SZ,A 股
301535,浙江华远,SZ,A 股
301536,星宸科技,SZ,A 股
301538,骏鼎达,SZ,A 股
301539,宏鑫科技,SZ,A 股
301548,崇德科技,SZ,A 股
301550,斯菱智驱,SZ,A 股
301551,无线传媒,SZ,A 股
301552,科力装备,SZ,A 股
301555,惠柏新材,SZ,A 股
301556,托普云农,SZ,A 股
301557,常友科技,SZ,A 股
301558,三态股份,SZ,A 股
301559,中集环科,SZ,A 股
301560,众捷汽车,SZ,A 股
301563,云汉芯城,SZ,A 股
301565,中仑新材,SZ,A 股
301566,达利凯普,SZ,A 股
301567,贝隆精密,SZ,A 股
301568,思泰克,SZ,A 股
301571,国科天成,SZ,A 股
301575,艾芬达,SZ,A 股
301577,美信科技,SZ,A 股
301578,辰奕智能,SZ,A 股
301580,爱迪特,SZ,A 股
301581,黄山谷捷,SZ,A 股
301584,建发致新,SZ,A 股
301585,蓝宇股份,SZ,A 股
301586,佳力奇,SZ,A 股
301587,中瑞股份,SZ,A 股
301588,美新科技,SZ,A 股
301589,诺瓦星云,SZ,A 股
301590,优优绿能,SZ,A 股
301591,肯特股份,SZ,A 股
301592,六九一二,SZ,A 股
301595,太力科技,SZ,A 股
301596,瑞迪智驱,SZ,A 股
301598,博科测试,SZ,A 股
301600,慧翰股份,SZ,A 股
301601,惠通科技,SZ,A 股
301602,超研股份,SZ,A 股
301603,乔锋智能,SZ,A 股
301606,绿联科技,SZ,A 股
301607,富特科技,SZ,A 股
301608,博实结,SZ,A 股
301609,山大电力,SZ,A 股
301611,珂玛科技,SZ,A 股
301613,新铝时代,SZ,A 股
301616,浙江华业,SZ,A 股
301617,博苑股份,SZ,A 股
301618,长联科技,SZ,A 股
301622,英思特,SZ,A 股
301626,苏州天脉,SZ,A 股
301628,强达电路,SZ,A 股
301629,矽电股份,SZ,A 股
301630,同宇新材,SZ,A 股
301631,壹连科技,SZ,A 股
301632,广东建科,SZ,A 股
301633,港迪技术,SZ,A 股
301636,泽润新能,SZ,A 股
301638,南网数字,SZ,A 股
301656,联合动力,SZ,A 股
301658,首航新能,SZ,A 股
301662,宏工科技,SZ,A 股
301665,泰禾股份,SZ,A 股
301667,纳百川,SZ,A 股
301668,昊创瑞通,SZ,A 股
301678,新恒汇,SZ,A 股
301680,固德电材,SZ,A 股
301682,N宏明电子,SZ,A 股
301687,新广益,SZ,A 股
302132,中航成飞,SZ,A 股
600000,浦发银行,SH,A 股
600004,白云机场,SH,A 股
600006,东风股份,SH,A 股
600007,中国国贸,SH,A 股
600008,首创环保,SH,A 股
600009,上海机场,SH,A 股
600010,包钢股份,SH,A 股
600011,华能国际,SH,A 股
600012,皖通高速,SH,A 股
600015,华夏银行,SH,A 股
600016,民生银行,SH,A 股
600017,日照港,SH,A 股
600018,上港集团,SH,A 股
600019,宝钢股份,SH,A 股
600020,中原高速,SH,A 股
600021,上海电力,SH,A 股
600022,山东钢铁,SH,A 股
600023,浙能电力,SH,A 股
600025,华能水电,SH,A 股
600026,中远海能,SH,A 股
600027,华电国际,SH,A 股
600028,中国石化,SH,A 股
600029,南方航空,SH,A 股
600030,中信证券,SH,A 股
600031,三一重工,SH,A 股
600032,浙江新能,SH,A 股
600033,福建高速,SH,A 股
600035,楚天高速,SH,A 股
600036,招商银行,SH,A 股
600037,歌华有线,SH,A 股
600038,中直股份,SH,A 股
600039,四川路桥,SH,A 股
600048,保利发展,SH,A 股
600050,中国联通,SH,A 股
600051,宁波联合,SH,A 股
600052,东望时代,SH,A 股
600053,九鼎投资,SH,A 股
600054,黄山旅游,SH,A 股
600055,万东医疗,SH,A 股
600056,中国医药,SH,A 股
600057,厦门象屿,SH,A 股
600058,五矿发展,SH,A 股
600059,古越龙山,SH,A 股
600060,海信视像,SH,A 股
600061,国投资本,SH,A 股
600062,华润双鹤,SH,A 股
600063,皖维高新,SH,A 股
600064,南京高科,SH,A 股
600066,宇通客车,SH,A 股
600067,冠城新材,SH,A 股
600071,凤凰光学,SH,A 股
600072,中船科技,SH,A 股
600073,光明肉业,SH,A 股
600075,新疆天业,SH,A 股
600076,康欣新材,SH,A 股
600078,澄星股份,SH,A 股
600079,ST人福,SH,A 股
600080,金花股份,SH,A 股
600081,东风科技,SH,A 股
600082,海泰发展,SH,A 股
600084,中信尼雅,SH,A 股
600085,同仁堂,SH,A 股
600088,中视传媒,SH,A 股
600089,特变电工,SH,A 股
600094,大名城,SH,A 股
600095,湘财股份,SH,A 股
600096,云天化,SH,A 股
600097,开创国际,SH,A 股
600098,广州发展,SH,A 股
600099,林海股份,SH,A 股
600100,同方股份,SH,A 股
600101,明星电力,SH,A 股
600103,青山纸业,SH,A 股
600104,上汽集团,SH,A 股
600105,永鼎股份,SH,A 股
600106,重庆路桥,SH,A 股
600107,ST尔雅,SH,A 股
600108,亚盛集团,SH,A 股
600109,国金证券,SH,A 股
600110,诺德股份,SH,A 股
600111,北方稀土,SH,A 股
600113,浙江东日,SH,A 股
600114,东睦股份,SH,A 股
600115,中国东航,SH,A 股
600116,三峡水利,SH,A 股
600117,西宁特钢,SH,A 股
600118,中国卫星,SH,A 股
600119,长江投资,SH,A 股
600120,浙江东方,SH,A 股
600121,郑州煤电,SH,A 股
600123,兰花科创,SH,A 股
600125,铁龙物流,SH,A 股
600126,杭钢股份,SH,A 股
600127,金健米业,SH,A 股
600128,苏豪弘业,SH,A 股
600129,太极集团,SH,A 股
600130,*ST波导,SH,A 股
600131,国网信通,SH,A 股
600132,重庆啤酒,SH,A 股
600133,东湖高新,SH,A 股
600135,乐凯胶片,SH,A 股
600136,ST明诚,SH,A 股
600137,浪莎股份,SH,A 股
600138,中青旅,SH,A 股
600141,兴发集团,SH,A 股
600143,金发科技,SH,A 股
600148,长春一东,SH,A 股
600149,廊坊发展,SH,A 股
600150,中国船舶,SH,A 股
600151,航天机电,SH,A 股
600152,维科技术,SH,A 股
600153,建发股份,SH,A 股
600155,华创云信,SH,A 股
600156,华升股份,SH,A 股
600157,永泰能源,SH,A 股
600158,中体产业,SH,A 股
600159,大龙地产,SH,A 股
600160,巨化股份,SH,A 股
600161,天坛生物,SH,A 股
600162,香江控股,SH,A 股
600163,中闽能源,SH,A 股
600165,ST宁科,SH,A 股
600166,福田汽车,SH,A 股
600167,联美控股,SH,A 股
600168,武汉控股,SH,A 股
600169,ST太重,SH,A 股
600170,上海建工,SH,A 股
600171,上海贝岭,SH,A 股
600172,黄河旋风,SH,A 股
600173,卧龙新能,SH,A 股
600176,中国巨石,SH,A 股
600177,雅戈尔,SH,A 股
600178,东安动力,SH,A 股
600179,安通控股,SH,A 股
600180,瑞茂通,SH,A 股
600182,S佳通,SH,A 股
600183,生益科技,SH,A 股
600184,光电股份,SH,A 股
600185,珠免集团,SH,A 股
600186,莲花控股,SH,A 股
600187,国中水务,SH,A 股
600188,兖矿能源,SH,A 股
600189,泉阳泉,SH,A 股
600191,华资实业,SH,A 股
600192,长城电工,SH,A 股
600193,*ST创兴,SH,A 股
600195,中牧股份,SH,A 股
600196,复星医药,SH,A 股
600197,伊力特,SH,A 股
600198,大唐电信,SH,A 股
600199,金种子酒,SH,A 股
600201,生物股份,SH,A 股
600202,哈空调,SH,A 股
600203,福日电子,SH,A 股
600206,有研新材,SH,A 股
600207,安彩高科,SH,A 股
600208,衢州发展,SH,A 股
600210,紫江企业,SH,A 股
600211,西藏药业,SH,A 股
600212,绿能慧充,SH,A 股
600215,派斯林,SH,A 股
600216,浙江医药,SH,A 股
600217,中再资环,SH,A 股
600218,全柴动力,SH,A 股
600219,南山铝业,SH,A 股
600221,海航控股,SH,A 股
600222,太龙药业,SH,A 股
600223,福瑞达,SH,A 股
600226,亨通股份,SH,A 股
600227,赤天化,SH,A 股
600228,*ST返利,SH,A 股
600229,城市传媒,SH,A 股
600230,沧州大化,SH,A 股
600231,凌钢股份,SH,A 股
600232,金鹰股份,SH,A 股
600233,圆通速递,SH,A 股
600234,科新发展,SH,A 股
600235,民丰特纸,SH,A 股
600236,桂冠电力,SH,A 股
600237,铜峰电子,SH,A 股
600238,*ST椰岛,SH,A 股
600239,云南城投,SH,A 股
600241,时代万恒,SH,A 股
600243,*ST海华,SH,A 股
600246,万通发展,SH,A 股
600248,陕建股份,SH,A 股
600249,两面针,SH,A 股
600250,南京商旅,SH,A 股
600251,冠农股份,SH,A 股
600252,中恒集团,SH,A 股
600255,鑫科材料,SH,A 股
600256,广汇能源,SH,A 股
600257,大湖股份,SH,A 股
600258,首旅酒店,SH,A 股
600259,中稀有色,SH,A 股
600261,阳光照明,SH,A 股
600262,北方股份,SH,A 股
600265,ST景谷,SH,A 股
600266,城建发展,SH,A 股
600267,海正药业,SH,A 股
600268,国电南自,SH,A 股
600269,赣粤高速,SH,A 股
600271,航天信息,SH,A 股
600272,开开实业,SH,A 股
600273,嘉化能源,SH,A 股
600276,恒瑞医药,SH,A 股
600278,东方创业,SH,A 股
600279,重庆港,SH,A 股
600280,中央商场,SH,A 股
600281,华阳新材,SH,A 股
600282,南钢股份,SH,A 股
600283,钱江水利,SH,A 股
600284,浦东建设,SH,A 股
600285,羚锐制药,SH,A 股
600287,苏豪时尚,SH,A 股
600288,大恒科技,SH,A 股
600289,ST信通,SH,A 股
600292,电投水电,SH,A 股
600293,三峡新材,SH,A 股
600295,鄂尔多斯,SH,A 股
600298,安琪酵母,SH,A 股
600299,安迪苏,SH,A 股
600300,维维股份,SH,A 股
600301,华锡有色,SH,A 股
600302,标准股份,SH,A 股
600303,曙光股份,SH,A 股
600305,恒顺醋业,SH,A 股
600307,酒钢宏兴,SH,A 股
600308,华泰股份,SH,A 股
600309,万华化学,SH,A 股
600310,广西能源,SH,A 股
600312,平高电气,SH,A 股
600313,农发种业,SH,A 股
600315,上海家化,SH,A 股
600316,洪都航空,SH,A 股
600318,新力金融,SH,A 股
600319,亚星化学,SH,A 股
600320,振华重工,SH,A 股
600322,津投城开,SH,A 股
600323,瀚蓝环境,SH,A 股
600325,华发股份,SH,A 股
600326,西藏天路,SH,A 股
600327,大东方,SH,A 股
600328,中盐化工,SH,A 股
600329,达仁堂,SH,A 股
600330,天通股份,SH,A 股
600331,宏达股份,SH,A 股
600332,白云山,SH,A 股
600333,长春燃气,SH,A 股
600335,国机汽车,SH,A 股
600336,澳柯玛,SH,A 股
600337,美克家居,SH,A 股
600338,西藏珠峰,SH,A 股
600339,中油工程,SH,A 股
600340,华夏幸福,SH,A 股
600343,航天动力,SH,A 股
600345,长江通信,SH,A 股
600346,恒力石化,SH,A 股
600348,华阳股份,SH,A 股
600350,山东高速,SH,A 股
600351,亚宝药业,SH,A 股
600352,浙江龙盛,SH,A 股
600353,旭光电子,SH,A 股
600354,敦煌种业,SH,A 股
600355,*ST精伦,SH,A 股
600356,恒丰纸业,SH,A 股
600358,ST联合,SH,A 股
600359,新农开发,SH,A 股
600360,*ST华微,SH,A 股
600361,创新新材,SH,A 股
600362,江西铜业,SH,A 股
600363,联创光电,SH,A 股
600365,ST通葡,SH,A 股
600366,宁波韵升,SH,A 股
600367,红星发展,SH,A 股
600368,五洲交通,SH,A 股
600369,西南证券,SH,A 股
600370,三房巷,SH,A 股
600371,万向德农,SH,A 股
600372,中航机载,SH,A 股
600373,中文传媒,SH,A 股
600375,汉马科技,SH,A 股
600376,首开股份,SH,A 股
600377,宁沪高速,SH,A 股
600378,昊华科技,SH,A 股
600379,宝光股份,SH,A 股
600380,健康元,SH,A 股
600381,*ST春天,SH,A 股
600382,广东明珠,SH,A 股
600383,金地集团,SH,A 股
600386,北巴传媒,SH,A 股
600388,龙净环保,SH,A 股
600389,江山股份,SH,A 股
600390,五矿资本,SH,A 股
600391,航发科技,SH,A 股
600392,盛和资源,SH,A 股
600395,盘江股份,SH,A 股
600396,华电辽能,SH,A 股
600397,江钨装备,SH,A 股
600398,海澜之家,SH,A 股
600399,抚顺特钢,SH,A 股
600400,红豆股份,SH,A 股
600403,大有能源,SH,A 股
600405,动力源,SH,A 股
600406,国电南瑞,SH,A 股
600408,安泰集团,SH,A 股
600409,三友化工,SH,A 股
600410,华胜天成,SH,A 股
600415,小商品城,SH,A 股
600416,湘电股份,SH,A 股
600418,江淮汽车,SH,A 股
600419,天润乳业,SH,A 股
600420,国药现代,SH,A 股
600421,*ST华嵘,SH,A 股
600422,昆药集团,SH,A 股
600423,柳化股份,SH,A 股
600425,青松建化,SH,A 股
600426,华鲁恒升,SH,A 股
600428,中远海特,SH,A 股
600429,三元股份,SH,A 股
600433,冠豪高新,SH,A 股
600435,北方导航,SH,A 股
600436,片仔癀,SH,A 股
600438,通威股份,SH,A 股
600439,瑞贝卡,SH,A 股
600444,国机通用,SH,A 股
600446,金证股份,SH,A 股
600448,华纺股份,SH,A 股
600449,宁夏建材,SH,A 股
600452,涪陵电力,SH,A 股
600455,博通股份,SH,A 股
600456,宝钛股份,SH,A 股
600458,时代新材,SH,A 股
600459,贵研铂业,SH,A 股
600460,士兰微,SH,A 股
600461,洪城环境,SH,A 股
600463,空港股份,SH,A 股
600467,好当家,SH,A 股
600468,百利电气,SH,A 股
600469,风神股份,SH,A 股
600470,六国化工,SH,A 股
600475,华光环能,SH,A 股
600476,湘邮科技,SH,A 股
600477,杭萧钢构,SH,A 股
600478,科力远,SH,A 股
600479,千金药业,SH,A 股
600480,凌云股份,SH,A 股
600481,双良节能,SH,A 股
600482,中国动力,SH,A 股
600483,福能股份,SH,A 股
600486,扬农化工,SH,A 股
600487,亨通光电,SH,A 股
600488,津药药业,SH,A 股
600489,中金黄金,SH,A 股
600490,鹏欣资源,SH,A 股
600491,龙元建设,SH,A 股
600493,凤竹纺织,SH,A 股
600495,晋西车轴,SH,A 股
600496,精工钢构,SH,A 股
600497,驰宏锌锗,SH,A 股
600498,烽火通信,SH,A 股
600499,科达制造,SH,A 股
600500,中化国际,SH,A 股
600501,航天晨光,SH,A 股
600502,安徽建工,SH,A 股
600503,华丽家族,SH,A 股
600505,西昌电力,SH,A 股
600506,统一股份,SH,A 股
600507,方大特钢,SH,A 股
600508,上海能源,SH,A 股
600509,天富能源,SH,A 股
600510,黑牡丹,SH,A 股
600511,国药股份,SH,A 股
600512,腾达建设,SH,A 股
600513,联环药业,SH,A 股
600515,海南机场,SH,A 股
600516,方大炭素,SH,A 股
600517,国网英大,SH,A 股
600518,康美药业,SH,A 股
600519,贵州茅台,SH,A 股
600520,三佳科技,SH,A 股
600521,华海药业,SH,A 股
600522,中天科技,SH,A 股
600523,贵航股份,SH,A 股
600525,ST长园,SH,A 股
600526,菲达环保,SH,A 股
600527,江南高纤,SH,A 股
600528,中铁工业,SH,A 股
600529,山东药玻,SH,A 股
600530,交大昂立,SH,A 股
600531,豫光金铅,SH,A 股
600533,栖霞建设,SH,A 股
600535,天士力,SH,A 股
600536,中国软件,SH,A 股
600537,亿晶光电,SH,A 股
600538,国发股份,SH,A 股
600539,狮头股份,SH,A 股
600540,新赛股份,SH,A 股
600543,莫高股份,SH,A 股
600545,卓郎智能,SH,A 股
600546,山煤国际,SH,A 股
600547,山东黄金,SH,A 股
600548,深高速,SH,A 股
600549,厦门钨业,SH,A 股
600550,保变电气,SH,A 股
600551,时代出版,SH,A 股
600552,凯盛科技,SH,A 股
600556,天下秀,SH,A 股
600557,康缘药业,SH,A 股
600558,大西洋,SH,A 股
600559,老白干酒,SH,A 股
600560,金自天正,SH,A 股
600561,江西长运,SH,A 股
600562,国睿科技,SH,A 股
600563,法拉电子,SH,A 股
600566,济川药业,SH,A 股
600567,山鹰国际,SH,A 股
600568,ST中珠,SH,A 股
600569,安阳钢铁,SH,A 股
600570,恒生电子,SH,A 股
600571,信雅达,SH,A 股
600572,康恩贝,SH,A 股
600573,惠泉啤酒,SH,A 股
600575,淮河能源,SH,A 股
600576,祥源文旅,SH,A 股
600577,精达股份,SH,A 股
600578,京能电力,SH,A 股
600579,中化装备,SH,A 股
600580,卧龙电驱,SH,A 股
600581,八一钢铁,SH,A 股
600582,天地科技,SH,A 股
600583,海油工程,SH,A 股
600584,长电科技,SH,A 股
600585,海螺水泥,SH,A 股
600586,金晶科技,SH,A 股
600587,新华医疗,SH,A 股
600588,用友网络,SH,A 股
600589,大位科技,SH,A 股
600590,泰豪科技,SH,A 股
600592,龙溪股份,SH,A 股
600593,大连圣亚,SH,A 股
600594,益佰制药,SH,A 股
600595,中孚实业,SH,A 股
600596,新安股份,SH,A 股
600597,光明乳业,SH,A 股
600598,北大荒,SH,A 股
600599,*ST熊猫,SH,A 股
600600,青岛啤酒,SH,A 股
600601,方正科技,SH,A 股
600602,云赛智联,SH,A 股
600603,广汇物流,SH,A 股
600604,市北高新,SH,A 股
600605,汇通能源,SH,A 股
600606,绿地控股,SH,A 股
600608,*ST沪科,SH,A 股
600609,金杯汽车,SH,A 股
600610,中毅达,SH,A 股
600611,大众交通,SH,A 股
600612,老凤祥,SH,A 股
600613,神奇制药,SH,A 股
600615,鑫源智造,SH,A 股
600616,金枫酒业,SH,A 股
600617,国新能源,SH,A 股
600618,氯碱化工,SH,A 股
600619,海立股份,SH,A 股
600620,天宸股份,SH,A 股
600621,华鑫股份,SH,A 股
600622,光大嘉宝,SH,A 股
600623,华谊集团,SH,A 股
600624,ST复华,SH,A 股
600626,申达股份,SH,A 股
600628,新世界,SH,A 股
600629,华建集团,SH,A 股
600630,龙头股份,SH,A 股
600633,浙数文化,SH,A 股
600635,大众公用,SH,A 股
600636,*ST国化,SH,A 股
600637,东方明珠,SH,A 股
600638,新黄浦,SH,A 股
600639,浦东金桥,SH,A 股
600640,国脉文化,SH,A 股
600641,先导基电,SH,A 股
600642,申能股份,SH,A 股
600643,爱建集团,SH,A 股
600644,乐山电力,SH,A 股
600645,中源协和,SH,A 股
600648,外高桥,SH,A 股
600649,城投控股,SH,A 股
600650,锦江在线,SH,A 股
600651,飞乐音响,SH,A 股
600653,申华控股,SH,A 股
600654,中安科,SH,A 股
600655,豫园股份,SH,A 股
600657,信达地产,SH,A 股
600658,电子城,SH,A 股
600660,福耀玻璃,SH,A 股
600661,昂立教育,SH,A 股
600662,外服控股,SH,A 股
600663,陆家嘴,SH,A 股
600664,哈药股份,SH,A 股
600665,天地源,SH,A 股
600666,奥瑞德,SH,A 股
600667,太极实业,SH,A 股
600668,尖峰集团,SH,A 股
600671,天目药业,SH,A 股
600673,东阳光,SH,A 股
600674,川投能源,SH,A 股
600675,中华企业,SH,A 股
600676,交运股份,SH,A 股
600678,四川金顶,SH,A 股
600679,上海凤凰,SH,A 股
600681,百川能源,SH,A 股
600682,南京新百,SH,A 股
600683,京投发展,SH,A 股
600684,珠江股份,SH,A 股
600685,中船防务,SH,A 股
600686,金龙汽车,SH,A 股
600688,上海石化,SH,A 股
600689,上海三毛,SH,A 股
600690,海尔智家,SH,A 股
600691,潞化科技,SH,A 股
600692,亚通股份,SH,A 股
600693,东百集团,SH,A 股
600694,大商股份,SH,A 股
600696,*ST岩石,SH,A 股
600697,欧亚集团,SH,A 股
600698,湖南天雁,SH,A 股
600699,均胜电子,SH,A 股
600702,舍得酒业,SH,A 股
600703,三安光电,SH,A 股
600704,物产中大,SH,A 股
600706,曲江文旅,SH,A 股
600707,彩虹股份,SH,A 股
600708,光明地产,SH,A 股
600710,苏美达,SH,A 股
600711,盛屯矿业,SH,A 股
600712,南宁百货,SH,A 股
600713,南京医药,SH,A 股
600714,金瑞矿业,SH,A 股
600715,文投控股,SH,A 股
600716,凤凰股份,SH,A 股
600717,天津港,SH,A 股
600718,东软集团,SH,A 股
600719,大连热电,SH,A 股
600720,中交设计,SH,A 股
600721,百花医药,SH,A 股
600722,金牛化工,SH,A 股
600724,宁波富达,SH,A 股
600725,云维股份,SH,A 股
600726,华电能源,SH,A 股
600727,鲁北化工,SH,A 股
600728,佳都科技,SH,A 股
600729,重庆百货,SH,A 股
600730,中国高科,SH,A 股
600731,湖南海利,SH,A 股
600732,爱旭股份,SH,A 股
600733,北汽蓝谷,SH,A 股
600734,实达集团,SH,A 股
600735,ST新华锦,SH,A 股
600736,苏州高新,SH,A 股
600737,中粮糖业,SH,A 股
600738,丽尚国潮,SH,A 股
600739,辽宁成大,SH,A 股
600740,山西焦化,SH,A 股
600741,华域汽车,SH,A 股
600742,富维股份,SH,A 股
600743,华远控股,SH,A 股
600744,华银电力,SH,A 股
600745,闻泰科技,SH,A 股
600746,江苏索普,SH,A 股
600748,上实发展,SH,A 股
600749,西藏旅游,SH,A 股
600750,华润江中,SH,A 股
600751,海航科技,SH,A 股
600753,*ST海钦,SH,A 股
600754,锦江酒店,SH,A 股
600755,厦门国贸,SH,A 股
600756,浪潮软件,SH,A 股
600757,长江传媒,SH,A 股
600758,辽宁能源,SH,A 股
600759,洲际油气,SH,A 股
600760,中航沈飞,SH,A 股
600761,安徽合力,SH,A 股
600763,通策医疗,SH,A 股
600764,中国海防,SH,A 股
600765,中航重机,SH,A 股
600768,宁波富邦,SH,A 股
600769,祥龙电业,SH,A 股
600770,综艺股份,SH,A 股
600771,广誉远,SH,A 股
600773,西藏城投,SH,A 股
600774,汉商集团,SH,A 股
600775,南京熊猫,SH,A 股
600776,东方通信,SH,A 股
600777,*ST新潮,SH,A 股
600778,友好集团,SH,A 股
600779,水井坊,SH,A 股
600780,通宝能源,SH,A 股
600782,新钢股份,SH,A 股
600783,鲁信创投,SH,A 股
600784,鲁银投资,SH,A 股
600785,新华百货,SH,A 股
600787,中储股份,SH,A 股
600789,鲁抗医药,SH,A 股
600790,轻纺城,SH,A 股
600791,京能置业,SH,A 股
600792,云煤能源,SH,A 股
600793,宜宾纸业,SH,A 股
600794,保税科技,SH,A 股
600795,国电电力,SH,A 股
600796,钱江生化,SH,A 股
600797,浙大网新,SH,A 股
600798,宁波海运,SH,A 股
600800,渤海化学,SH,A 股
600801,华新建材,SH,A 股
600802,福建水泥,SH,A 股
600803,新奥股份,SH,A 股
600805,悦达投资,SH,A 股
600807,济高发展,SH,A 股
600808,马钢股份,SH,A 股
600809,山西汾酒,SH,A 股
600810,神马股份,SH,A 股
600812,华北制药,SH,A 股
600814,杭州解百,SH,A 股
600815,厦工股份,SH,A 股
600816,建元信托,SH,A 股
600817,宇通重工,SH,A 股
600818,中路股份,SH,A 股
600819,耀皮玻璃,SH,A 股
600820,隧道股份,SH,A 股
600821,金开新能,SH,A 股
600822,上海物贸,SH,A 股
600824,益民集团,SH,A 股
600825,新华传媒,SH,A 股
600826,兰生股份,SH,A 股
600827,百联股份,SH,A 股
600828,茂业商业,SH,A 股
600829,人民同泰,SH,A 股
600830,香溢融通,SH,A 股
600831,广电网络,SH,A 股
600833,第一医药,SH,A 股
600834,申通地铁,SH,A 股
600835,上海机电,SH,A 股
600838,上海九百,SH,A 股
600839,四川长虹,SH,A 股
600841,动力新科,SH,A 股
600843,上工申贝,SH,A 股
600844,金煤科技,SH,A 股
600845,宝信软件,SH,A 股
600846,同济科技,SH,A 股
600847,万里股份,SH,A 股
600848,上海临港,SH,A 股
600850,电科数字,SH,A 股
600851,海欣股份,SH,A 股
600853,龙建股份,SH,A 股
600854,春兰股份,SH,A 股
600855,航天长峰,SH,A 股
600857,宁波中百,SH,A 股
600858,银座股份,SH,A 股
600859,王府井,SH,A 股
600860,京城股份,SH,A 股
600861,北京人力,SH,A 股
600862,中航高科,SH,A 股
600863,华能蒙电,SH,A 股
600864,哈投股份,SH,A 股
600865,百大集团,SH,A 股
600866,星湖科技,SH,A 股
600867,通化东宝,SH,A 股
600868,梅雁吉祥,SH,A 股
600869,远东股份,SH,A 股
600871,石化油服,SH,A 股
600872,中炬高新,SH,A 股
600873,梅花生物,SH,A 股
600874,创业环保,SH,A 股
600875,东方电气,SH,A 股
600876,凯盛新能,SH,A 股
600877,电科芯片,SH,A 股
600879,航天电子,SH,A 股
600880,博瑞传播,SH,A 股
600881,亚泰集团,SH,A 股
600882,妙可蓝多,SH,A 股
600883,博闻科技,SH,A 股
600884,杉杉股份,SH,A 股
600885,宏发股份,SH,A 股
600886,国投电力,SH,A 股
600887,伊利股份,SH,A 股
600888,新疆众和,SH,A 股
600889,南京化纤,SH,A 股
600892,*ST大晟,SH,A 股
600893,航发动力,SH,A 股
600894,广日股份,SH,A 股
600895,张江高科,SH,A 股
600897,厦门空港,SH,A 股
600900,长江电力,SH,A 股
600901,江苏金租,SH,A 股
600903,贵州燃气,SH,A 股
600905,三峡能源,SH,A 股
600906,财达证券,SH,A 股
600908,无锡银行,SH,A 股
600909,华安证券,SH,A 股
600916,中国黄金,SH,A 股
600917,重庆燃气,SH,A 股
600918,中泰证券,SH,A 股
600919,江苏银行,SH,A 股
600925,苏能股份,SH,A 股
600926,杭州银行,SH,A 股
600927,永安期货,SH,A 股
600928,西安银行,SH,A 股
600929,雪天盐业,SH,A 股
600930,华电新能,SH,A 股
600933,爱柯迪,SH,A 股
600935,华塑股份,SH,A 股
600936,北投科技,SH,A 股
600938,中国海油,SH,A 股
600939,重庆建工,SH,A 股
600941,中国移动,SH,A 股
600955,维远股份,SH,A 股
600956,新天绿能,SH,A 股
600958,东方证券,SH,A 股
600959,江苏有线,SH,A 股
600960,渤海汽车,SH,A 股
600961,株冶集团,SH,A 股
600962,国投中鲁,SH,A 股
600963,岳阳林纸,SH,A 股
600965,福成股份,SH,A 股
600966,博汇纸业,SH,A 股
600967,内蒙一机,SH,A 股
600968,海油发展,SH,A 股
600969,郴电国际,SH,A 股
600970,中材国际,SH,A 股
600971,恒源煤电,SH,A 股
600973,宝胜股份,SH,A 股
600975,新五丰,SH,A 股
600976,健民集团,SH,A 股
600977,中国电影,SH,A 股
600979,广安爱众,SH,A 股
600980,北矿科技,SH,A 股
600981,苏豪汇鸿,SH,A 股
600982,宁波能源,SH,A 股
600983,惠而浦,SH,A 股
600984,建设机械,SH,A 股
600985,淮北矿业,SH,A 股
600986,浙文互联,SH,A 股
600987,航民股份,SH,A 股
600988,赤峰黄金,SH,A 股
600989,宝丰能源,SH,A 股
600990,四创电子,SH,A 股
600992,贵绳股份,SH,A 股
600993,马应龙,SH,A 股
600995,南网储能,SH,A 股
600996,贵广网络,SH,A 股
600997,开滦股份,SH,A 股
600998,九州通,SH,A 股
600999,招商证券,SH,A 股
601000,唐山港,SH,A 股
601001,晋控煤业,SH,A 股
601002,晋亿实业,SH,A 股
601003,柳钢股份,SH,A 股
601005,重庆钢铁,SH,A 股
601006,大秦铁路,SH,A 股
601007,金陵饭店,SH,A 股
601008,连云港,SH,A 股
601009,南京银行,SH,A 股
601010,文峰股份,SH,A 股
601011,宝泰隆,SH,A 股
601012,隆基绿能,SH,A 股
601015,陕西黑猫,SH,A 股
601016,节能风电,SH,A 股
601018,宁波港,SH,A 股
601019,山东出版,SH,A 股
601020,华钰矿业,SH,A 股
601021,春秋航空,SH,A 股
601022,宁波远洋,SH,A 股
601026,道生天合,SH,A 股
601033,永兴股份,SH,A 股
601038,一拖股份,SH,A 股
601058,赛轮轮胎,SH,A 股
601059,信达证券,SH,A 股
601061,中信金属,SH,A 股
601065,江盐集团,SH,A 股
601066,中信建投,SH,A 股
601068,中铝国际,SH,A 股
601069,西部黄金,SH,A 股
601077,渝农商行,SH,A 股
601083,锦江航运,SH,A 股
601086,国芳集团,SH,A 股
601088,中国神华,SH,A 股
601089,福元医药,SH,A 股
601096,宏盛华源,SH,A 股
601098,中南传媒,SH,A 股
601099,太平洋,SH,A 股
601100,恒立液压,SH,A 股
601101,昊华能源,SH,A 股
601106,中国一重,SH,A 股
601107,四川成渝,SH,A 股
601108,财通证券,SH,A 股
601111,中国国航,SH,A 股
601112,振石股份,SH,A 股
601113,华鼎股份,SH,A 股
601116,三江购物,SH,A 股
601117,中国化学,SH,A 股
601118,海南橡胶,SH,A 股
601121,宝地矿业,SH,A 股
601126,四方股份,SH,A 股
601127,赛力斯,SH,A 股
601128,常熟银行,SH,A 股
601133,柏诚股份,SH,A 股
601136,首创证券,SH,A 股
601137,博威合金,SH,A 股
601138,工业富联,SH,A 股
601139,深圳燃气,SH,A 股
601155,新城控股,SH,A 股
601156,东航物流,SH,A 股
601158,重庆水务,SH,A 股
601162,天风证券,SH,A 股
601163,三角轮胎,SH,A 股
601166,兴业银行,SH,A 股
601168,西部矿业,SH,A 股
601169,北京银行,SH,A 股
601177,杭齿前进,SH,A 股
601179,中国西电,SH,A 股
601186,中国铁建,SH,A 股
601187,厦门银行,SH,A 股
601188,龙江交通,SH,A 股
601198,东兴证券,SH,A 股
601199,江南水务,SH,A 股
601200,上海环境,SH,A 股
601208,东材科技,SH,A 股
601211,国泰海通,SH,A 股
601212,白银有色,SH,A 股
601216,君正集团,SH,A 股
601218,吉鑫科技,SH,A 股
601222,林洋能源,SH,A 股
601225,陕西煤业,SH,A 股
601226,华电科工,SH,A 股
601228,广州港,SH,A 股
601229,上海银行,SH,A 股
601231,环旭电子,SH,A 股
601233,桐昆股份,SH,A 股
601236,红塔证券,SH,A 股
601238,广汽集团,SH,A 股
601279,英利汽车,SH,A 股
601288,农业银行,SH,A 股
601298,青岛港,SH,A 股
601311,骆驼股份,SH,A 股
601318,中国平安,SH,A 股
601319,中国人保,SH,A 股
601326,秦港股份,SH,A 股
601328,交通银行,SH,A 股
601330,绿色动力,SH,A 股
601333,广深铁路,SH,A 股
601336,新华保险,SH,A 股
601339,百隆东方,SH,A 股
601360,三六零,SH,A 股
601366,利群股份,SH,A 股
601368,绿城水务,SH,A 股
601369,陕鼓动力,SH,A 股
601375,中原证券,SH,A 股
601377,兴业证券,SH,A 股
601388,怡球资源,SH,A 股
601390,中国中铁,SH,A 股
601398,工商银行,SH,A 股
601399,国机重装,SH,A 股
601456,国联民生,SH,A 股
601500,通用股份,SH,A 股
601512,中新集团,SH,A 股
601515,衢州东峰,SH,A 股
601518,吉林高速,SH,A 股
601519,大智慧,SH,A 股
601528,瑞丰银行,SH,A 股
601555,东吴证券,SH,A 股
601566,九牧王,SH,A 股
601567,三星医疗,SH,A 股
601568,北元集团,SH,A 股
601577,长沙银行,SH,A 股
601579,会稽山,SH,A 股
601588,北辰实业,SH,A 股
601595,上海电影,SH,A 股
601598,中国外运,SH,A 股
601599,浙文影业,SH,A 股
601600,中国铝业,SH,A 股
601601,中国太保,SH,A 股
601606,长城军工,SH,A 股
601607,上海医药,SH,A 股
601608,中信重工,SH,A 股
601609,金田股份,SH,A 股
601611,中国核建,SH,A 股
601615,明阳智能,SH,A 股
601616,广电电气,SH,A 股
601618,中国中冶,SH,A 股
601619,嘉泽新能,SH,A 股
601628,中国人寿,SH,A 股
601633,长城汽车,SH,A 股
601636,旗滨集团,SH,A 股
601658,邮储银行,SH,A 股
601665,齐鲁银行,SH,A 股
601666,平煤股份,SH,A 股
601668,中国建筑,SH,A 股
601669,中国电建,SH,A 股
601677,明泰铝业,SH,A 股
601678,滨化股份,SH,A 股
601686,友发集团,SH,A 股
601688,华泰证券,SH,A 股
601689,拓普集团,SH,A 股
601696,中银证券,SH,A 股
601698,中国卫通,SH,A 股
601699,潞安环能,SH,A 股
601700,风范股份,SH,A 股
601702,华峰铝业,SH,A 股
601717,中创智领,SH,A 股
601718,际华集团,SH,A 股
601727,上海电气,SH,A 股
601728,中国电信,SH,A 股
601766,中国中车,SH,A 股
601777,千里科技,SH,A 股
601778,晶科科技,SH,A 股
601788,光大证券,SH,A 股
601789,宁波建工,SH,A 股
601798,蓝科高新,SH,A 股
601799,星宇股份,SH,A 股
601800,中国交建,SH,A 股
601801,皖新传媒,SH,A 股
601808,中海油服,SH,A 股
601811,新华文轩,SH,A 股
601816,京沪高铁,SH,A 股
601818,光大银行,SH,A 股
601825,沪农商行,SH,A 股
601827,三峰环境,SH,A 股
601828,美凯龙,SH,A 股
601838,成都银行,SH,A 股
601857,中国石油,SH,A 股
601858,中国科传,SH,A 股
601860,紫金银行,SH,A 股
601865,福莱特,SH,A 股
601866,中远海发,SH,A 股
601868,中国能建,SH,A 股
601869,长飞光纤,SH,A 股
601872,招商轮船,SH,A 股
601877,正泰电器,SH,A 股
601878,浙商证券,SH,A 股
601880,辽港股份,SH,A 股
601881,中国银河,SH,A 股
601882,海天精工,SH,A 股
601886,江河集团,SH,A 股
601888,中国中免,SH,A 股
601890,亚星锚链,SH,A 股
601898,中煤能源,SH,A 股
601899,紫金矿业,SH,A 股
601900,南方传媒,SH,A 股
601901,方正证券,SH,A 股
601908,京运通,SH,A 股
601916,浙商银行,SH,A 股
601918,新集能源,SH,A 股
601919,中远海控,SH,A 股
601921,浙版传媒,SH,A 股
601928,凤凰传媒,SH,A 股
601929,吉视传媒,SH,A 股
601933,永辉超市,SH,A 股
601939,建设银行,SH,A 股
601949,中国出版,SH,A 股
601952,苏垦农发,SH,A 股
601956,东贝集团,SH,A 股
601958,金钼股份,SH,A 股
601963,重庆银行,SH,A 股
601965,中国汽研,SH,A 股
601966,玲珑轮胎,SH,A 股
601968,宝钢包装,SH,A 股
601969,海南矿业,SH,A 股
601975,招商南油,SH,A 股
601985,中国核电,SH,A 股
601988,中国银行,SH,A 股
601990,南京证券,SH,A 股
601991,大唐发电,SH,A 股
601992,金隅集团,SH,A 股
601995,中金公司,SH,A 股
601996,丰林集团,SH,A 股
601997,贵阳银行,SH,A 股
601998,中信银行,SH,A 股
601999,出版传媒,SH,A 股
603000,人民网,SH,A 股
603001,奥康国际,SH,A 股
603002,宏昌电子,SH,A 股
603004,鼎龙科技,SH,A 股
603005,晶方科技,SH,A 股
603006,联明股份,SH,A 股
603007,*ST花王,SH,A 股
603008,喜临门,SH,A 股
603009,北特科技,SH,A 股
603010,万盛股份,SH,A 股
603011,合锻智能,SH,A 股
603012,创力集团,SH,A 股
603013,亚普股份,SH,A 股
603014,威高血净,SH,A 股
603015,弘讯科技,SH,A 股
603016,新宏泰,SH,A 股
603017,中衡设计,SH,A 股
603018,华设集团,SH,A 股
603019,中科曙光,SH,A 股
603020,爱普股份,SH,A 股
603021,ST华鹏,SH,A 股
603022,新通联,SH,A 股
603023,威帝股份,SH,A 股
603025,大豪科技,SH,A 股
603026,石大胜华,SH,A 股
603027,千禾味业,SH,A 股
603028,赛福天,SH,A 股
603029,天鹅股份,SH,A 股
603030,全筑股份,SH,A 股
603031,安孚科技,SH,A 股
603032,德新科技,SH,A 股
603033,三维股份,SH,A 股
603035,常熟汽饰,SH,A 股
603036,如通股份,SH,A 股
603037,凯众股份,SH,A 股
603038,华立股份,SH,A 股
603039,泛微网络,SH,A 股
603040,新坐标,SH,A 股
603041,美思德,SH,A 股
603042,华脉科技,SH,A 股
603043,广州酒家,SH,A 股
603045,福达合金,SH,A 股
603048,浙江黎明,SH,A 股
603049,中策橡胶,SH,A 股
603050,科林电气,SH,A 股
603051,鹿山新材,SH,A 股
603052,可川科技,SH,A 股
603053,成都燃气,SH,A 股
603055,台华新材,SH,A 股
603056,德邦股份,SH,A 股
603057,紫燕食品,SH,A 股
603058,永吉股份,SH,A 股
603059,倍加洁,SH,A 股
603060,国检集团,SH,A 股
603061,金海通,SH,A 股
603062,麦加芯彩,SH,A 股
603063,禾望电气,SH,A 股
603065,宿迁联盛,SH,A 股
603066,音飞储存,SH,A 股
603067,振华股份,SH,A 股
603068,博通集成,SH,A 股
603069,海汽集团,SH,A 股
603070,万控智造,SH,A 股
603071,物产环能,SH,A 股
603072,天和磁材,SH,A 股
603073,彩蝶实业,SH,A 股
603075,热威股份,SH,A 股
603076,乐惠国际,SH,A 股
603077,和邦生物,SH,A 股
603078,江化微,SH,A 股
603079,圣达生物,SH,A 股
603080,新疆火炬,SH,A 股
603081,大丰实业,SH,A 股
603082,北自科技,SH,A 股
603083,剑桥科技,SH,A 股
603085,天成自控,SH,A 股
603086,先达股份,SH,A 股
603087,甘李药业,SH,A 股
603088,宁波精达,SH,A 股
603089,正裕工业,SH,A 股
603090,宏盛股份,SH,A 股
603091,众鑫股份,SH,A 股
603092,德力佳,SH,A 股
603093,南华期货,SH,A 股
603095,越剑智能,SH,A 股
603096,新经典,SH,A 股
603097,江苏华辰,SH,A 股
603098,森特股份,SH,A 股
603099,长白山,SH,A 股
603100,川仪股份,SH,A 股
603101,汇嘉时代,SH,A 股
603102,百合股份,SH,A 股
603103,横店影视,SH,A 股
603105,芯能科技,SH,A 股
603106,恒银科技,SH,A 股
603107,上海汽配,SH,A 股
603108,润达医疗,SH,A 股
603109,神驰机电,SH,A 股
603110,东方材料,SH,A 股
603111,康尼机电,SH,A 股
603112,华翔股份,SH,A 股
603113,金能科技,SH,A 股
603115,海星股份,SH,A 股
603116,红蜻蜓,SH,A 股
603117,万林物流,SH,A 股
603118,共进股份,SH,A 股
603119,浙江荣泰,SH,A 股
603120,肯特催化,SH,A 股
603121,华培动力,SH,A 股
603122,合富中国,SH,A 股
603123,翠微股份,SH,A 股
603124,江南新材,SH,A 股
603125,常青科技,SH,A 股
603126,中材节能,SH,A 股
603127,昭衍新药,SH,A 股
603128,华贸物流,SH,A 股
603129,春风动力,SH,A 股
603130,云中马,SH,A 股
603131,上海沪工,SH,A 股
603132,金徽股份,SH,A 股
603135,中重科技,SH,A 股
603136,天目湖,SH,A 股
603137,恒尚节能,SH,A 股
603138,海量数据,SH,A 股
603139,康惠股份,SH,A 股
603150,万朗磁塑,SH,A 股
603151,邦基科技,SH,A 股
603153,上海建科,SH,A 股
603155,新亚强,SH,A 股
603156,养元饮品,SH,A 股
603158,腾龙股份,SH,A 股
603159,上海亚虹,SH,A 股
603160,汇顶科技,SH,A 股
603161,科华控股,SH,A 股
603162,海通发展,SH,A 股
603163,圣晖集成,SH,A 股
603165,荣晟环保,SH,A 股
603166,福达股份,SH,A 股
603167,渤海轮渡,SH,A 股
603168,莎普爱思,SH,A 股
603169,兰石重装,SH,A 股
603170,宝立食品,SH,A 股
603171,税友股份,SH,A 股
603172,万丰股份,SH,A 股
603173,福斯达,SH,A 股
603175,超颖电子,SH,A 股
603176,汇通集团,SH,A 股
603177,德创环保,SH,A 股
603178,圣龙股份,SH,A 股
603179,新泉股份,SH,A 股
603180,金牌家居,SH,A 股
603181,皇马科技,SH,A 股
603182,嘉华股份,SH,A 股
603183,建研院,SH,A 股
603185,弘元绿能,SH,A 股
603186,华正新材,SH,A 股
603187,海容冷链,SH,A 股
603188,亚邦股份,SH,A 股
603189,网达软件,SH,A 股
603190,亚通精工,SH,A 股
603191,望变电气,SH,A 股
603192,汇得科技,SH,A 股
603193,润本股份,SH,A 股
603194,中力股份,SH,A 股
603195,公牛集团,SH,A 股
603196,璞源材料,SH,A 股
603197,保隆科技,SH,A 股
603198,迎驾贡酒,SH,A 股
603199,九华旅游,SH,A 股
603200,上海洗霸,SH,A 股
603201,常润股份,SH,A 股
603202,天有为,SH,A 股
603203,快克智能,SH,A 股
603205,健尔康,SH,A 股
603206,嘉环科技,SH,A 股
603207,小方制药,SH,A 股
603208,江山欧派,SH,A 股
603209,兴通股份,SH,A 股
603210,泰鸿万立,SH,A 股
603211,晋拓股份,SH,A 股
603212,赛伍技术,SH,A 股
603213,镇洋发展,SH,A 股
603214,爱婴室,SH,A 股
603215,比依股份,SH,A 股
603216,梦天家居,SH,A 股
603217,元利科技,SH,A 股
603218,日月股份,SH,A 股
603219,富佳股份,SH,A 股
603220,中贝通信,SH,A 股
603221,爱丽家居,SH,A 股
603222,济民健康,SH,A 股
603223,恒通股份,SH,A 股
603225,新凤鸣,SH,A 股
603226,菲林格尔,SH,A 股
603227,雪峰科技,SH,A 股
603228,景旺电子,SH,A 股
603229,奥翔药业,SH,A 股
603230,内蒙新华,SH,A 股
603231,索宝蛋白,SH,A 股
603232,格尔软件,SH,A 股
603233,大参林,SH,A 股
603235,天新药业,SH,A 股
603236,移远通信,SH,A 股
603237,五芳斋,SH,A 股
603238,诺邦股份,SH,A 股
603239,浙江仙通,SH,A 股
603248,锡华科技,SH,A 股
603255,鼎际得,SH,A 股
603256,宏和科技,SH,A 股
603257,中国瑞林,SH,A 股
603258,电魂网络,SH,A 股
603259,药明康德,SH,A 股
603260,合盛硅业,SH,A 股
603261,*ST立航,SH,A 股
603262,技源集团,SH,A 股
603266,天龙股份,SH,A 股
603267,鸿远电子,SH,A 股
603268,*ST松发,SH,A 股
603269,海鸥股份,SH,A 股
603270,金帝股份,SH,A 股
603271,永杰新材,SH,A 股
603272,联翔股份,SH,A 股
603273,天元智能,SH,A 股
603275,众辰科技,SH,A 股
603276,恒兴新材,SH,A 股
603277,银都股份,SH,A 股
603278,大业股份,SH,A 股
603279,景津装备,SH,A 股
603280,南方路机,SH,A 股
603281,江瀚新材,SH,A 股
603282,亚光股份,SH,A 股
603283,赛腾股份,SH,A 股
603284,林平发展,SH,A 股
603285,键邦股份,SH,A 股
603286,日盈电子,SH,A 股
603288,海天味业,SH,A 股
603289,泰瑞机器,SH,A 股
603290,斯达半导,SH,A 股
603291,联合水务,SH,A 股
603296,华勤技术,SH,A 股
603297,永新光学,SH,A 股
603298,杭叉集团,SH,A 股
603299,苏盐井神,SH,A 股
603300,海南华铁,SH,A 股
603301,振德医疗,SH,A 股
603303,得邦照明,SH,A 股
603305,旭升集团,SH,A 股
603306,华懋科技,SH,A 股
603307,扬州金泉,SH,A 股
603308,应流股份,SH,A 股
603309,维力医疗,SH,A 股
603310,巍华新材,SH,A 股
603311,金海高科,SH,A 股
603312,西典新能,SH,A 股
603313,梦百合,SH,A 股
603315,福鞍股份,SH,A 股
603316,诚邦股份,SH,A 股
603317,天味食品,SH,A 股
603318,水发燃气,SH,A 股
603319,美湖股份,SH,A 股
603320,迪贝电气,SH,A 股
603321,梅轮电梯,SH,A 股
603322,超讯通信,SH,A 股
603323,苏农银行,SH,A 股
603324,盛剑科技,SH,A 股
603325,博隆技术,SH,A 股
603326,我乐家居,SH,A 股
603327,福蓉科技,SH,A 股
603328,依顿电子,SH,A 股
603329,上海雅仕,SH,A 股
603330,天洋新材,SH,A 股
603331,百达精工,SH,A 股
603332,苏州龙杰,SH,A 股
603333,尚纬股份,SH,A 股
603334,丰倍生物,SH,A 股
603335,迪生力,SH,A 股
603336,宏辉果蔬,SH,A 股
603337,杰克科技,SH,A 股
603338,浙江鼎力,SH,A 股
603339,四方科技,SH,A 股
603341,龙旗科技,SH,A 股
603344,星德胜,SH,A 股
603345,安井食品,SH,A 股
603348,文灿股份,SH,A 股
603350,安乃达,SH,A 股
603351,威尔药业,SH,A 股
603352,至信股份,SH,A 股
603353,和顺石油,SH,A 股
603355,莱克电气,SH,A 股
603356,华菱精工,SH,A 股
603357,设计总院,SH,A 股
603358,华达科技,SH,A 股
603359,东珠生态,SH,A 股
603360,百傲化学,SH,A 股
603363,傲农生物,SH,A 股
603365,水星家纺,SH,A 股
603366,日出东方,SH,A 股
603367,辰欣药业,SH,A 股
603368,柳药集团,SH,A 股
603369,今世缘,SH,A 股
603370,华新精科,SH,A 股
603373,安邦护卫,SH,A 股
603375,盛景微,SH,A 股
603376,大明电子,SH,A 股
603377,ST东时,SH,A 股
603378,亚士创能,SH,A 股
603379,三美股份,SH,A 股
603380,易德龙,SH,A 股
603381,永臻股份,SH,A 股
603382,海阳科技,SH,A 股
603383,顶点软件,SH,A 股
603385,惠达卫浴,SH,A 股
603386,骏亚科技,SH,A 股
603387,基蛋生物,SH,A 股
603389,*ST亚振,SH,A 股
603390,通达电气,SH,A 股
603391,力聚热能,SH,A 股
603392,万泰生物,SH,A 股
603393,新天然气,SH,A 股
603395,红四方,SH,A 股
603396,金辰股份,SH,A 股
603398,*ST沐邦,SH,A 股
603399,永杉锂业,SH,A 股
603400,华之杰,SH,A 股
603402,陕西旅游,SH,A 股
603406,天富龙,SH,A 股
603408,建霖家居,SH,A 股
603409,汇通控股,SH,A 股
603416,信捷电气,SH,A 股
603418,友升股份,SH,A 股
603421,鼎信通讯,SH,A 股
603429,*ST集友,SH,A 股
603439,三力制药,SH,A 股
603444,吉比特,SH,A 股
603456,九洲药业,SH,A 股
603458,勘设股份,SH,A 股
603466,风语筑,SH,A 股
603477,巨星农牧,SH,A 股
603486,科沃斯,SH,A 股
603488,展鹏科技,SH,A 股
603489,八方股份,SH,A 股
603496,恒为科技,SH,A 股
603499,翔港科技,SH,A 股
603500,祥和实业,SH,A 股
603501,豪威集团,SH,A 股
603505,金石资源,SH,A 股
603506,南都物业,SH,A 股
603507,振江股份,SH,A 股
603508,思维列控,SH,A 股
603511,爱慕股份,SH,A 股
603515,欧普照明,SH,A 股
603516,淳中科技,SH,A 股
603517,ST绝味,SH,A 股
603518,锦泓集团,SH,A 股
603519,立霸股份,SH,A 股
603520,司太立,SH,A 股
603527,众源新材,SH,A 股
603528,多伦科技,SH,A 股
603529,爱玛科技,SH,A 股
603530,神马电力,SH,A 股
603533,掌阅科技,SH,A 股
603535,嘉诚国际,SH,A 股
603536,惠发食品,SH,A 股
603538,美诺华,SH,A 股
603551,奥普科技,SH,A 股
603556,海兴电力,SH,A 股
603557,ST起步,SH,A 股
603558,健盛集团,SH,A 股
603559,ST通脉,SH,A 股
603565,中谷物流,SH,A 股
603566,普莱柯,SH,A 股
603567,珍宝岛,SH,A 股
603568,伟明环保,SH,A 股
603569,长久物流,SH,A 股
603577,汇金通,SH,A 股
603578,三星新材,SH,A 股
603579,荣泰健康,SH,A 股
603580,*ST艾艾,SH,A 股
603583,捷昌驱动,SH,A 股
603585,苏利股份,SH,A 股
603586,金麒麟,SH,A 股
603587,地素时尚,SH,A 股
603588,高能环境,SH,A 股
603589,口子窖,SH,A 股
603590,康辰药业,SH,A 股
603595,ST东尼,SH,A 股
603596,伯特利,SH,A 股
603598,引力传媒,SH,A 股
603599,广信股份,SH,A 股
603600,永艺股份,SH,A 股
603601,再升科技,SH,A 股
603602,纵横通信,SH,A 股
603605,珀莱雅,SH,A 股
603606,东方电缆,SH,A 股
603607,京华激光,SH,A 股
603608,天创时尚,SH,A 股
603609,禾丰股份,SH,A 股
603610,麒盛科技,SH,A 股
603611,诺力股份,SH,A 股
603612,索通发展,SH,A 股
603613,国联股份,SH,A 股
603615,茶花股份,SH,A 股
603616,韩建河山,SH,A 股
603617,君禾股份,SH,A 股
603618,杭电股份,SH,A 股
603619,中曼石油,SH,A 股
603626,科森科技,SH,A 股
603628,清源股份,SH,A 股
603629,利通电子,SH,A 股
603630,拉芳家化,SH,A 股
603633,徕木股份,SH,A 股
603636,南威软件,SH,A 股
603637,镇海股份,SH,A 股
603638,艾迪精密,SH,A 股
603639,海利尔,SH,A 股
603648,畅联股份,SH,A 股
603650,彤程新材,SH,A 股
603655,朗博科技,SH,A 股
603656,泰禾智能,SH,A 股
603657,春光科技,SH,A 股
603658,安图生物,SH,A 股
603659,璞泰来,SH,A 股
603660,苏州科达,SH,A 股
603661,恒林股份,SH,A 股
603662,柯力传感,SH,A 股
603663,三祥新材,SH,A 股
603665,康隆达,SH,A 股
603666,亿嘉和,SH,A 股
603667,五洲新春,SH,A 股
603668,天马科技,SH,A 股
603669,灵康药业,SH,A 股
603676,卫信康,SH,A 股
603677,奇精机械,SH,A 股
603678,火炬电子,SH,A 股
603679,华体科技,SH,A 股
603680,今创集团,SH,A 股
603681,永冠新材,SH,A 股
603682,锦和商管,SH,A 股
603683,晶华新材,SH,A 股
603685,晨丰科技,SH,A 股
603686,福龙马,SH,A 股
603687,大胜达,SH,A 股
603688,石英股份,SH,A 股
603689,皖天然气,SH,A 股
603690,至纯科技,SH,A 股
603693,江苏新能,SH,A 股
603696,安记食品,SH,A 股
603697,有友食品,SH,A 股
603698,航天工程,SH,A 股
603699,纽威股份,SH,A 股
603700,宁水集团,SH,A 股
603701,德宏股份,SH,A 股
603703,盛洋科技,SH,A 股
603706,东方环宇,SH,A 股
603707,健友股份,SH,A 股
603708,家家悦,SH,A 股
603709,中源家居,SH,A 股
603711,香飘飘,SH,A 股
603712,七一二,SH,A 股
603713,密尔克卫,SH,A 股
603716,塞力医疗,SH,A 股
603717,天域生物,SH,A 股
603718,海利生物,SH,A 股
603719,良品铺子,SH,A 股
603721,*ST天择,SH,A 股
603722,阿科力,SH,A 股
603725,天安新材,SH,A 股
603726,朗迪集团,SH,A 股
603727,博迈科,SH,A 股
603728,鸣志电器,SH,A 股
603729,龙韵股份,SH,A 股
603730,岱美股份,SH,A 股
603733,仙鹤股份,SH,A 股
603737,三棵树,SH,A 股
603738,泰晶科技,SH,A 股
603739,蔚蓝生物,SH,A 股
603755,日辰股份,SH,A 股
603757,大元泵业,SH,A 股
603758,秦安股份,SH,A 股
603759,海天股份,SH,A 股
603766,隆鑫通用,SH,A 股
603767,中马传动,SH,A 股
603768,常青股份,SH,A 股
603773,沃格光电,SH,A 股
603776,永安行,SH,A 股
603777,来伊份,SH,A 股
603778,国晟科技,SH,A 股
603779,威龙股份,SH,A 股
603786,科博达,SH,A 股
603787,新日股份,SH,A 股
603788,宁波高发,SH,A 股
603789,*ST星农,SH,A 股
603790,雅运股份,SH,A 股
603797,联泰环保,SH,A 股
603798,康普顿,SH,A 股
603799,华友钴业,SH,A 股
603800,洪田股份,SH,A 股
603801,志邦家居,SH,A 股
603803,瑞斯康达,SH,A 股
603806,福斯特,SH,A 股
603808,歌力思,SH,A 股
603809,豪能股份,SH,A 股
603810,丰山集团,SH,A 股
603811,诚意药业,SH,A 股
603813,*ST原尚,SH,A 股
603815,交建股份,SH,A 股
603816,顾家家居,SH,A 股
603817,海峡环保,SH,A 股
603818,曲美家居,SH,A 股
603819,神力股份,SH,A 股
603822,ST嘉澳,SH,A 股
603823,百合花,SH,A 股
603825,ST华扬,SH,A 股
603826,坤彩科技,SH,A 股
603828,ST柯利达,SH,A 股
603829,洛凯股份,SH,A 股
603833,欧派家居,SH,A 股
603836,海程邦达,SH,A 股
603838,*ST四通,SH,A 股
603839,安正时尚,SH,A 股
603843,*ST正平,SH,A 股
603848,好太太,SH,A 股
603855,华荣股份,SH,A 股
603856,东宏股份,SH,A 股
603858,步长制药,SH,A 股
603859,能科科技,SH,A 股
603860,中公高科,SH,A 股
603861,白云电器,SH,A 股
603863,松炀资源,SH,A 股
603866,桃李面包,SH,A 股
603867,新化股份,SH,A 股
603868,飞科电器,SH,A 股
603869,ST智知,SH,A 股
603871,嘉友国际,SH,A 股
603876,鼎胜新材,SH,A 股
603877,太平鸟,SH,A 股
603878,武进不锈,SH,A 股
603879,永悦科技,SH,A 股
603880,南卫股份,SH,A 股
603881,数据港,SH,A 股
603882,金域医学,SH,A 股
603883,老百姓,SH,A 股
603885,吉祥航空,SH,A 股
603886,元祖股份,SH,A 股
603887,城地香江,SH,A 股
603888,新华网,SH,A 股
603889,新澳股份,SH,A 股
603890,春秋电子,SH,A 股
603893,瑞芯微,SH,A 股
603895,天永智能,SH,A 股
603896,寿仙谷,SH,A 股
603897,长城科技,SH,A 股
603898,好莱客,SH,A 股
603899,晨光股份,SH,A 股
603900,莱绅通灵,SH,A 股
603901,永创智能,SH,A 股
603903,中持股份,SH,A 股
603906,龙蟠科技,SH,A 股
603908,牧高笛,SH,A 股
603909,建发合诚,SH,A 股
603912,佳力图,SH,A 股
603915,国茂股份,SH,A 股
603916,苏博特,SH,A 股
603917,合力科技,SH,A 股
603918,金桥信息,SH,A 股
603919,金徽酒,SH,A 股
603920,世运电路,SH,A 股
603922,金鸿顺,SH,A 股
603926,铁流股份,SH,A 股
603927,中科软,SH,A 股
603928,兴业股份,SH,A 股
603929,亚翔集成,SH,A 股
603931,格林达,SH,A 股
603933,睿能科技,SH,A 股
603936,博敏电子,SH,A 股
603937,丽岛新材,SH,A 股
603938,三孚股份,SH,A 股
603939,益丰药房,SH,A 股
603948,建业股份,SH,A 股
603949,雪龙集团,SH,A 股
603950,长源东谷,SH,A 股
603955,大千生态,SH,A 股
603956,威派格,SH,A 股
603958,哈森股份,SH,A 股
603959,百利科技,SH,A 股
603960,克来机电,SH,A 股
603966,法兰泰克,SH,A 股
603967,中创物流,SH,A 股
603968,醋化股份,SH,A 股
603969,银龙股份,SH,A 股
603970,中农立华,SH,A 股
603976,正川股份,SH,A 股
603977,国泰集团,SH,A 股
603978,深圳新星,SH,A 股
603979,金诚信,SH,A 股
603980,吉华集团,SH,A 股
603982,泉峰汽车,SH,A 股
603983,丸美生物,SH,A 股
603985,恒润股份,SH,A 股
603986,兆易创新,SH,A 股
603987,康德莱,SH,A 股
603988,中电电机,SH,A 股
603989,艾华集团,SH,A 股
603990,麦迪科技,SH,A 股
603991,至正股份,SH,A 股
603992,松霖科技,SH,A 股
603993,洛阳钼业,SH,A 股
603995,甬金股份,SH,A 股
603997,继峰股份,SH,A 股
603998,方盛制药,SH,A 股
603999,读者传媒,SH,A 股
605001,威奥股份,SH,A 股
605003,众望布艺,SH,A 股
605005,合兴股份,SH,A 股
605006,山东玻纤,SH,A 股
605007,五洲特纸,SH,A 股
605008,长鸿高科,SH,A 股
605009,豪悦护理,SH,A 股
605011,杭州热电,SH,A 股
605016,百龙创园,SH,A 股
605018,长华集团,SH,A 股
605020,永和股份,SH,A 股
605028,世茂能源,SH,A 股
605033,美邦股份,SH,A 股
605050,福然德,SH,A 股
605055,迎丰股份,SH,A 股
605056,咸亨国际,SH,A 股
605058,澳弘电子,SH,A 股
605060,联德股份,SH,A 股
605066,天正电气,SH,A 股
605068,明新旭腾,SH,A 股
605069,正和生态,SH,A 股
605077,华康股份,SH,A 股
605080,浙江自然,SH,A 股
605081,*ST太和,SH,A 股
605086,龙高股份,SH,A 股
605088,冠盛股份,SH,A 股
605089,味知香,SH,A 股
605090,九丰能源,SH,A 股
605098,行动教育,SH,A 股
605099,共创草坪,SH,A 股
605100,华丰股份,SH,A 股
605108,同庆楼,SH,A 股
605111,新洁能,SH,A 股
605116,奥锐特,SH,A 股
605117,德业股份,SH,A 股
605118,力鼎光电,SH,A 股
605122,四方新材,SH,A 股
605123,派克新材,SH,A 股
605128,上海沿浦,SH,A 股
605133,嵘泰股份,SH,A 股
605136,丽人丽妆,SH,A 股
605138,盛泰集团,SH,A 股
605151,西上海,SH,A 股
605155,西大门,SH,A 股
605158,华达新材,SH,A 股
605162,新中港,SH,A 股
605166,聚合顺,SH,A 股
605167,利柏特,SH,A 股
605168,三人行,SH,A 股
605169,洪通燃气,SH,A 股
605177,东亚药业,SH,A 股
605178,时空科技,SH,A 股
605179,一鸣食品,SH,A 股
605180,华生科技,SH,A 股
605183,确成股份,SH,A 股
605186,健麾信息,SH,A 股
605188,国光连锁,SH,A 股
605189,富春染织,SH,A 股
605196,华通线缆,SH,A 股
605198,安德利,SH,A 股
605199,ST葫芦娃,SH,A 股
605208,永茂泰,SH,A 股
605218,伟时电子,SH,A 股
605222,起帆电缆,SH,A 股
605228,神通科技,SH,A 股
605255,天普股份,SH,A 股
605258,协和电子,SH,A 股
605259,绿田机械,SH,A 股
605266,健之佳,SH,A 股
605268,王力安防,SH,A 股
605277,新亚电子,SH,A 股
605286,同力天启,SH,A 股
605287,德才股份,SH,A 股
605288,凯迪股份,SH,A 股
605289,罗曼股份,SH,A 股
605296,神农集团,SH,A 股
605298,必得科技,SH,A 股
605299,舒华体育,SH,A 股
605300,佳禾食品,SH,A 股
605303,园林股份,SH,A 股
605305,中际联合,SH,A 股
605318,法狮龙,SH,A 股
605319,无锡振华,SH,A 股
605333,沪光股份,SH,A 股
605336,帅丰电器,SH,A 股
605337,李子园,SH,A 股
605338,巴比食品,SH,A 股
605339,南侨食品,SH,A 股
605358,立昂微,SH,A 股
605365,立达信,SH,A 股
605366,宏柏新材,SH,A 股
605368,蓝天燃气,SH,A 股
605369,拱东医疗,SH,A 股
605376,博迁新材,SH,A 股
605377,华旺科技,SH,A 股
605378,野马电池,SH,A 股
605388,均瑶健康,SH,A 股
605389,长龄液压,SH,A 股
605398,新炬网络,SH,A 股
605399,晨光新材,SH,A 股
605488,福莱新材,SH,A 股
605499,东鹏饮料,SH,A 股
605500,森林包装,SH,A 股
605507,国邦医药,SH,A 股
605555,德昌股份,SH,A 股
605566,福莱蒽特,SH,A 股
605567,春雪食品,SH,A 股
605577,龙版传媒,SH,A 股
605580,恒盛能源,SH,A 股
605588,冠石科技,SH,A 股
605589,圣泉集团,SH,A 股
605598,上海港湾,SH,A 股
605599,菜百股份,SH,A 股
688001,华兴源创,SH,A 股
688002,睿创微纳,SH,A 股
688003,天准科技,SH,A 股
688004,博汇科技,SH,A 股
688005,容百科技,SH,A 股
688006,杭可科技,SH,A 股
688007,光峰科技,SH,A 股
688008,澜起科技,SH,A 股
688009,中国通号,SH,A 股
688010,福光股份,SH,A 股
688011,新光光电,SH,A 股
688012,中微公司,SH,A 股
688013,天臣医疗,SH,A 股
688015,交控科技,SH,A 股
688016,心脉医疗,SH,A 股
688017,绿的谐波,SH,A 股
688018,乐鑫科技,SH,A 股
688019,安集科技,SH,A 股
688020,方邦股份,SH,A 股
688021,奥福科技,SH,A 股
688022,瀚川智能,SH,A 股
688023,安恒信息,SH,A 股
688025,杰普特,SH,A 股
688026,洁特生物,SH,A 股
688027,国盾量子,SH,A 股
688028,沃尔德,SH,A 股
688029,南微医学,SH,A 股
688030,山石网科,SH,A 股
688031,星环科技,SH,A 股
688032,禾迈股份,SH,A 股
688033,天宜新材,SH,A 股
688035,德邦科技,SH,A 股
688036,传音控股,SH,A 股
688037,芯源微,SH,A 股
688038,中科通达,SH,A 股
688039,当虹科技,SH,A 股
688041,海光信息,SH,A 股
688045,必易微,SH,A 股
688046,药康生物,SH,A 股
688047,龙芯中科,SH,A 股
688048,长光华芯,SH,A 股
688049,炬芯科技,SH,A 股
688050,爱博医疗,SH,A 股
688051,佳华科技,SH,A 股
688052,纳芯微,SH,A 股
688053,ST思科瑞,SH,A 股
688055,龙腾光电,SH,A 股
688056,莱伯泰科,SH,A 股
688057,金达莱,SH,A 股
688058,宝兰德,SH,A 股
688059,华锐精密,SH,A 股
688060,云涌科技,SH,A 股
688061,灿瑞科技,SH,A 股
688062,迈威生物,SH,A 股
688063,派能科技,SH,A 股
688065,凯赛生物,SH,A 股
688066,航天宏图,SH,A 股
688067,爱威科技,SH,A 股
688068,热景生物,SH,A 股
688069,德林海,SH,A 股
688070,纵横股份,SH,A 股
688071,华依科技,SH,A 股
688072,拓荆科技,SH,A 股
688073,毕得医药,SH,A 股
688075,安旭生物,SH,A 股
688076,ST诺泰,SH,A 股
688077,大地熊,SH,A 股
688078,龙软科技,SH,A 股
688079,美迪凯,SH,A 股
688080,映翰通,SH,A 股
688081,兴图新科,SH,A 股
688082,盛美上海,SH,A 股
688083,中望软件,SH,A 股
688084,晶品特装,SH,A 股
688085,三友医疗,SH,A 股
688087,英科再生,SH,A 股
688088,虹软科技,SH,A 股
688089,嘉必优,SH,A 股
688090,瑞松科技,SH,A 股
688091,上海谊众,SH,A 股
688092,爱科科技,SH,A 股
688093,世华科技,SH,A 股
688095,福昕软件,SH,A 股
688096,京源环保,SH,A 股
688097,博众精工,SH,A 股
688098,申联生物,SH,A 股
688099,晶晨股份,SH,A 股
688100,威胜信息,SH,A 股
688101,三达膜,SH,A 股
688102,斯瑞新材,SH,A 股
688103,国力电子,SH,A 股
688105,诺唯赞,SH,A 股
688106,金宏气体,SH,A 股
688107,安路科技,SH,A 股
688108,赛诺医疗,SH,A 股
688109,品茗科技,SH,A 股
688110,东芯股份,SH,A 股
688111,金山办公,SH,A 股
688112,鼎阳科技,SH,A 股
688113,联测科技,SH,A 股
688114,华大智造,SH,A 股
688115,思林杰,SH,A 股
688116,天奈科技,SH,A 股
688117,圣诺生物,SH,A 股
688118,普元信息,SH,A 股
688119,中钢洛耐,SH,A 股
688120,华海清科,SH,A 股
688121,卓然股份,SH,A 股
688122,西部超导,SH,A 股
688123,聚辰股份,SH,A 股
688125,安达智能,SH,A 股
688126,沪硅产业,SH,A 股
688127,蓝特光学,SH,A 股
688128,中国电研,SH,A 股
688129,东来技术,SH,A 股
688130,晶华微,SH,A 股
688131,皓元医药,SH,A 股
688132,邦彦技术,SH,A 股
688133,泰坦科技,SH,A 股
688135,利扬芯片,SH,A 股
688136,科兴制药,SH,A 股
688137,近岸蛋白,SH,A 股
688138,清溢光电,SH,A 股
688139,海尔生物,SH,A 股
688141,杰华特,SH,A 股
688143,长盈通,SH,A 股
688146,中船特气,SH,A 股
688147,微导纳米,SH,A 股
688148,芳源股份,SH,A 股
688150,莱特光电,SH,A 股
688151,华强科技,SH,A 股
688152,麒麟信安,SH,A 股
688153,唯捷创芯,SH,A 股
688155,先惠技术,SH,A 股
688156,路德科技,SH,A 股
688157,松井股份,SH,A 股
688158,优刻得,SH,A 股
688159,有方科技,SH,A 股
688160,步科股份,SH,A 股
688161,威高骨科,SH,A 股
688162,巨一科技,SH,A 股
688163,赛伦生物,SH,A 股
688165,埃夫特,SH,A 股
688166,博瑞医药,SH,A 股
688167,炬光科技,SH,A 股
688168,安博通,SH,A 股
688169,石头科技,SH,A 股
688170,德龙激光,SH,A 股
688171,纬德信息,SH,A 股
688172,燕东微,SH,A 股
688173,希荻微,SH,A 股
688175,高凌信息,SH,A 股
688176,亚虹医药,SH,A 股
688177,百奥泰,SH,A 股
688178,万德斯,SH,A 股
688179,阿拉丁,SH,A 股
688180,君实生物,SH,A 股
688181,八亿时空,SH,A 股
688182,灿勤科技,SH,A 股
688183,生益电子,SH,A 股
688184,ST帕瓦,SH,A 股
688185,康希诺,SH,A 股
688186,广大特材,SH,A 股
688187,时代电气,SH,A 股
688188,柏楚电子,SH,A 股
688189,南新制药,SH,A 股
688190,云路股份,SH,A 股
688191,智洋创新,SH,A 股
688192,迪哲医药,SH,A 股
688193,仁度生物,SH,A 股
688195,腾景科技,SH,A 股
688196,卓越新能,SH,A 股
688197,首药控股,SH,A 股
688198,佰仁医疗,SH,A 股
688199,久日新材,SH,A 股
688200,华峰测控,SH,A 股
688201,信安世纪,SH,A 股
688202,美迪西,SH,A 股
688203,海正生材,SH,A 股
688205,德科立,SH,A 股
688206,概伦电子,SH,A 股
688207,格灵深瞳,SH,A 股
688208,道通科技,SH,A 股
688209,英集芯,SH,A 股
688210,统联精密,SH,A 股
688211,中科微至,SH,A 股
688212,澳华内镜,SH,A 股
688213,思特威,SH,A 股
688215,瑞晟智能,SH,A 股
688216,气派科技,SH,A 股
688217,睿昂基因,SH,A 股
688218,江苏北人,SH,A 股
688219,会通股份,SH,A 股
688220,翱捷科技,SH,A 股
688221,前沿生物,SH,A 股
688222,成都先导,SH,A 股
688223,晶科能源,SH,A 股
688225,亚信安全,SH,A 股
688226,威腾电气,SH,A 股
688227,品高股份,SH,A 股
688228,开普云,SH,A 股
688229,博睿数据,SH,A 股
688230,芯导科技,SH,A 股
688231,隆达股份,SH,A 股
688232,新点软件,SH,A 股
688233,神工股份,SH,A 股
688234,天岳先进,SH,A 股
688235,百济神州,SH,A 股
688236,春立医疗,SH,A 股
688237,超卓航科,SH,A 股
688238,和元生物,SH,A 股
688239,航宇科技,SH,A 股
688244,永信至诚,SH,A 股
688246,嘉和美康,SH,A 股
688247,宣泰医药,SH,A 股
688248,南网科技,SH,A 股
688249,晶合集成,SH,A 股
688251,井松智能,SH,A 股
688252,天德钰,SH,A 股
688253,英诺特,SH,A 股
688255,凯尔达,SH,A 股
688256,寒武纪,SH,A 股
688257,新锐股份,SH,A 股
688258,卓易信息,SH,A 股
688259,创耀科技,SH,A 股
688260,昀冢科技,SH,A 股
688261,东微半导,SH,A 股
688262,国芯科技,SH,A 股
688265,南模生物,SH,A 股
688266,泽璟制药,SH,A 股
688267,中触媒,SH,A 股
688268,华特气体,SH,A 股
688269,凯立新材,SH,A 股
688270,臻镭科技,SH,A 股
688271,联影医疗,SH,A 股
688272,富吉瑞,SH,A 股
688273,麦澜德,SH,A 股
688275,万润新能,SH,A 股
688276,百克生物,SH,A 股
688277,天智航,SH,A 股
688278,特宝生物,SH,A 股
688279,峰岹科技,SH,A 股
688280,精进电动,SH,A 股
688281,华秦科技,SH,A 股
688282,理工导航,SH,A 股
688283,坤恒顺维,SH,A 股
688285,高铁电气,SH,A 股
688286,敏芯股份,SH,A 股
688287,*ST观典,SH,A 股
688288,鸿泉技术,SH,A 股
688289,圣湘生物,SH,A 股
688290,景业智能,SH,A 股
688291,金橙子,SH,A 股
688292,浩瀚深度,SH,A 股
688293,奥浦迈,SH,A 股
688295,中复神鹰,SH,A 股
688296,和达科技,SH,A 股
688297,中无人机,SH,A 股
688298,东方生物,SH,A 股
688299,长阳科技,SH,A 股
688300,联瑞新材,SH,A 股
688301,奕瑞科技,SH,A 股
688302,海创药业,SH,A 股
688303,大全能源,SH,A 股
688305,科德数控,SH,A 股
688306,均普智能,SH,A 股
688307,中润光学,SH,A 股
688308,欧科亿,SH,A 股
688309,恒誉环保,SH,A 股
688310,迈得医疗,SH,A 股
688311,盟升电子,SH,A 股
688312,燕麦科技,SH,A 股
688313,仕佳光子,SH,A 股
688314,康拓医疗,SH,A 股
688315,诺禾致源,SH,A 股
688316,青云科技,SH,A 股
688317,之江生物,SH,A 股
688318,财富趋势,SH,A 股
688319,欧林生物,SH,A 股
688320,禾川科技,SH,A 股
688321,微芯生物,SH,A 股
688322,奥比中光,SH,A 股
688323,瑞华泰,SH,A 股
688325,赛微微电,SH,A 股
688326,经纬恒润,SH,A 股
688327,云从科技,SH,A 股
688328,深科达,SH,A 股
688329,艾隆科技,SH,A 股
688330,宏力达,SH,A 股
688331,荣昌生物,SH,A 股
688332,中科蓝讯,SH,A 股
688333,铂力特,SH,A 股
688334,西高院,SH,A 股
688335,复洁科技,SH,A 股
688336,三生国健,SH,A 股
688337,普源精电,SH,A 股
688338,赛科希德,SH,A 股
688339,亿华通,SH,A 股
688343,云天励飞,SH,A 股
688345,博力威,SH,A 股
688347,华虹公司,SH,A 股
688348,昱能科技,SH,A 股
688349,三一重能,SH,A 股
688350,富淼科技,SH,A 股
688351,微电生理,SH,A 股
688352,颀中科技,SH,A 股
688353,华盛锂电,SH,A 股
688355,明志科技,SH,A 股
688356,键凯科技,SH,A 股
688357,建龙微纳,SH,A 股
688358,祥生医疗,SH,A 股
688359,三孚新科,SH,A 股
688360,德马科技,SH,A 股
688361,中科飞测,SH,A 股
688362,甬矽电子,SH,A 股
688363,华熙生物,SH,A 股
688365,光云科技,SH,A 股
688366,昊海生科,SH,A 股
688367,工大高科,SH,A 股
688368,晶丰明源,SH,A 股
688369,致远互联,SH,A 股
688370,丛麟科技,SH,A 股
688371,菲沃泰,SH,A 股
688372,伟测科技,SH,A 股
688373,盟科药业,SH,A 股
688375,国博电子,SH,A 股
688376,美埃科技,SH,A 股
688377,迪威尔,SH,A 股
688378,奥来德,SH,A 股
688379,华光新材,SH,A 股
688380,中微半导,SH,A 股
688381,帝奥微,SH,A 股
688382,益方生物,SH,A 股
688383,新益昌,SH,A 股
688385,复旦微电,SH,A 股
688386,泛亚微透,SH,A 股
688387,信科移动,SH,A 股
688388,嘉元科技,SH,A 股
688389,普门科技,SH,A 股
688390,固德威,SH,A 股
688391,钜泉科技,SH,A 股
688392,骄成超声,SH,A 股
688393,安必平,SH,A 股
688395,正弦电气,SH,A 股
688396,华润微,SH,A 股
688398,赛特新材,SH,A 股
688399,硕世生物,SH,A 股
688400,凌云光,SH,A 股
688401,路维光电,SH,A 股
688403,汇成股份,SH,A 股
688408,中信博,SH,A 股
688409,富创精密,SH,A 股
688410,山外山,SH,A 股
688411,海博思创,SH,A 股
688416,恒烁股份,SH,A 股
688418,震有科技,SH,A 股
688419,耐科装备,SH,A 股
688420,美腾科技,SH,A 股
688425,铁建重工,SH,A 股
688426,康为世纪,SH,A 股
688428,诺诚健华,SH,A 股
688429,时创能源,SH,A 股
688432,有研硅,SH,A 股
688433,华曙高科,SH,A 股
688435,英方软件,SH,A 股
688439,振华风光,SH,A 股
688443,智翔金泰,SH,A 股
688448,磁谷科技,SH,A 股
688449,联芸科技,SH,A 股
688450,光格科技,SH,A 股
688455,科捷智能,SH,A 股
688456,有研粉材,SH,A 股
688458,美芯晟,SH,A 股
688459,哈铁科技,SH,A 股
688466,金科环境,SH,A 股
688468,科美诊断,SH,A 股
688469,芯联集成,SH,A 股
688472,阿特斯,SH,A 股
688475,萤石网络,SH,A 股
688478,晶升股份,SH,A 股
688479,友车科技,SH,A 股
688480,赛恩斯,SH,A 股
688484,南芯科技,SH,A 股
688485,九州一轨,SH,A 股
688486,龙迅股份,SH,A 股
688488,艾迪药业,SH,A 股
688489,三未信安,SH,A 股
688496,清越科技,SH,A 股
688498,源杰科技,SH,A 股
688499,利元亨,SH,A 股
688500,慧辰股份,SH,A 股
688501,青达环保,SH,A 股
688502,茂莱光学,SH,A 股
688503,聚和材料,SH,A 股
688505,复旦张江,SH,A 股
688506,百利天恒,SH,A 股
688507,索辰科技,SH,A 股
688508,芯朋微,SH,A 股
688509,正元地信,SH,A 股
688510,航亚科技,SH,A 股
688511,*ST天微,SH,A 股
688512,慧智微,SH,A 股
688513,苑东生物,SH,A 股
688515,裕太微,SH,A 股
688516,奥特维,SH,A 股
688517,金冠电气,SH,A 股
688518,联赢激光,SH,A 股
688519,南亚新材,SH,A 股
688520,神州细胞,SH,A 股
688521,芯原股份,SH,A 股
688522,纳睿雷达,SH,A 股
688523,航天环宇,SH,A 股
688525,佰维存储,SH,A 股
688526,科前生物,SH,A 股
688528,秦川物联,SH,A 股
688529,豪森智能,SH,A 股
688530,欧莱新材,SH,A 股
688531,日联科技,SH,A 股
688533,上声电子,SH,A 股
688535,华海诚科,SH,A 股
688536,思瑞浦,SH,A 股
688538,和辉光电,SH,A 股
688539,高华科技,SH,A 股
688543,国科军工,SH,A 股
688545,兴福电子,SH,A 股
688548,广钢气体,SH,A 股
688549,中巨芯,SH,A 股
688550,瑞联新材,SH,A 股
688551,科威尔,SH,A 股
688552,航天南湖,SH,A 股
688553,汇宇制药,SH,A 股
688556,高测股份,SH,A 股
688557,兰剑智能,SH,A 股
688558,国盛智科,SH,A 股
688559,海目星,SH,A 股
688560,明冠新材,SH,A 股
688561,奇安信,SH,A 股
688562,航天软件,SH,A 股
688563,航材股份,SH,A 股
688565,力源科技,SH,A 股
688566,吉贝尔,SH,A 股
688567,孚能科技,SH,A 股
688568,中科星图,SH,A 股
688569,铁科轨道,SH,A 股
688570,天玛智控,SH,A 股
688571,杭华股份,SH,A 股
688573,信宇人,SH,A 股
688575,亚辉龙,SH,A 股
688576,西山科技,SH,A 股
688577,浙海德曼,SH,A 股
688578,艾力斯,SH,A 股
688579,地纬智能,SH,A 股
688580,伟思医疗,SH,A 股
688581,安杰思,SH,A 股
688582,芯动联科,SH,A 股
688583,思看科技,SH,A 股
688584,上海合晶,SH,A 股
688585,上纬新材,SH,A 股
688586,江航装备,SH,A 股
688588,凌志软件,SH,A 股
688589,力合微,SH,A 股
688590,新致软件,SH,A 股
688591,泰凌微,SH,A 股
688592,司南导航,SH,A 股
688593,新相微,SH,A 股
688595,芯海科技,SH,A 股
688596,正帆科技,SH,A 股
688597,煜邦电力,SH,A 股
688598,金博股份,SH,A 股
688599,天合光能,SH,A 股
688600,皖仪科技,SH,A 股
688601,力芯微,SH,A 股
688602,康鹏科技,SH,A 股
688603,天承科技,SH,A 股
688605,先锋精科,SH,A 股
688606,奥泰生物,SH,A 股
688607,康众医疗,SH,A 股
688608,恒玄科技,SH,A 股
688609,九联科技,SH,A 股
688610,埃科光电,SH,A 股
688611,杭州柯林,SH,A 股
688612,威迈斯,SH,A 股
688613,奥精医疗,SH,A 股
688615,合合信息,SH,A 股
688616,西力科技,SH,A 股
688617,惠泰医疗,SH,A 股
688618,三旺通信,SH,A 股
688619,罗普特,SH,A 股
688620,安凯微,SH,A 股
688621,阳光诺和,SH,A 股
688622,禾信仪器,SH,A 股
688623,双元科技,SH,A 股
688625,呈和科技,SH,A 股
688626,翔宇医疗,SH,A 股
688627,精智达,SH,A 股
688628,优利德,SH,A 股
688629,华丰科技,SH,A 股
688630,芯碁微装,SH,A 股
688631,莱斯信息,SH,A 股
688633,星球石墨,SH,A 股
688636,智明达,SH,A 股
688638,誉辰智能,SH,A 股
688639,华恒生物,SH,A 股
688646,ST逸飞,SH,A 股
688648,中邮科技,SH,A 股
688651,盛邦安全,SH,A 股
688652,京仪装备,SH,A 股
688653,康希通信,SH,A 股
688655,迅捷兴,SH,A 股
688656,浩欧博,SH,A 股
688657,浩辰软件,SH,A 股
688658,悦康药业,SH,A 股
688659,元琛科技,SH,A 股
688660,电气风电,SH,A 股
688661,和林微纳,SH,A 股
688662,富信科技,SH,A 股
688663,新风光,SH,A 股
688665,四方光电,SH,A 股
688667,菱电电控,SH,A 股
688668,鼎通科技,SH,A 股
688669,聚石化学,SH,A 股
688670,金迪克,SH,A 股
688671,碧兴物联,SH,A 股
688676,金盘科技,SH,A 股
688677,海泰新光,SH,A 股
688678,福立旺,SH,A 股
688679,通源环境,SH,A 股
688680,海优新材,SH,A 股
688681,科汇股份,SH,A 股
688682,霍莱沃,SH,A 股
688683,莱尔科技,SH,A 股
688685,迈信林,SH,A 股
688686,奥普特,SH,A 股
688687,凯因科技,SH,A 股
688689,银河微电,SH,A 股
688690,纳微科技,SH,A 股
688691,灿芯股份,SH,A 股
688692,达梦数据,SH,A 股
688693,锴威特,SH,A 股
688695,中创股份,SH,A 股
688696,极米科技,SH,A 股
688697,纽威数控,SH,A 股
688698,伟创电气,SH,A 股
688699,明微电子,SH,A 股
688700,东威科技,SH,A 股
688701,卓锦股份,SH,A 股
688702,盛科通信,SH,A 股
688707,振华新材,SH,A 股
688708,佳驰科技,SH,A 股
688709,成都华微,SH,A 股
688710,益诺思,SH,A 股
688711,宏微科技,SH,A 股
688712,北芯生命,SH,A 股
688716,中研股份,SH,A 股
688717,艾罗能源,SH,A 股
688718,唯赛勃,SH,A 股
688719,爱科赛博,SH,A 股
688720,艾森股份,SH,A 股
688721,龙图光罩,SH,A 股
688722,同益中,SH,A 股
688726,拉普拉斯,SH,A 股
688727,恒坤新材,SH,A 股
688728,格科微,SH,A 股
688729,屹唐股份,SH,A 股
688733,壹石通,SH,A 股
688737,中自科技,SH,A 股
688739,成大生物,SH,A 股
688750,金天钛业,SH,A 股
688755,汉邦科技,SH,A 股
688757,胜科纳米,SH,A 股
688758,赛分科技,SH,A 股
688759,必贝特,SH,A 股
688765,禾元生物,SH,A 股
688766,普冉股份,SH,A 股
688767,博拓生物,SH,A 股
688768,容知日新,SH,A 股
688772,珠海冠宇,SH,A 股
688775,影石创新,SH,A 股
688776,国光电气,SH,A 股
688777,中控技术,SH,A 股
688778,厦钨新能,SH,A 股
688779,五矿新能,SH,A 股
688781,N视涯,SH,A 股
688783,西安奕材,SH,A 股
688785,恒运昌,SH,A 股
688786,悦安新材,SH,A 股
688787,海天瑞声,SH,A 股
688788,科思科技,SH,A 股
688789,宏华数科,SH,A 股
688790,昂瑞微,SH,A 股
688793,倍轻松,SH,A 股
688795,摩尔线程,SH,A 股
688796,百奥赛图,SH,A 股
688798,艾为电子,SH,A 股
688799,华纳药厂,SH,A 股
688800,瑞可达,SH,A 股
688802,沐曦股份,SH,A 股
688805,健信超导,SH,A 股
688807,优迅股份,SH,A 股
688809,强一股份,SH,A 股
688816,易思维,SH,A 股
688818,电科蓝天,SH,A 股
688819,天能股份,SH,A 股
688981,中芯国际,SH,A 股
689009,九号公司,SH,A 股
